상품명,가격,상품명_공백제거,카테고리
삼성 공기청정기,1200000,삼성공기청정기,공기청정기
벤소닉 공기청정기~ 택포,12000,벤소닉공기청정기~택포,공기청정기
삼성대형공기청정기 특가판매 2대,590000,삼성대형공기청정기특가판매2대,공기청정기
# 삼성 비스포크 큐브 에어 펫케어 공기청정기 공기청정 공청기,150000,#삼성비스포크큐브에어펫케어공기청정기공기청정공청기,공기청정기
NANODRON 공기청정기 골드,2000000,NANODRON공기청정기골드,공기청정기
LG 퓨리케어 미니 공기청정기 #휴대용 #차량용,66000,LG퓨리케어미니공기청정기#휴대용#차량용,공기청정기
LG 퓨리케어 미니 공기청정기 + 새필터 2개,79000,LG퓨리케어미니공기청정기+새필터2개,공기청정기
엘지 퓨리케어 공기청정기,40000,엘지퓨리케어공기청정기,공기청정기
삼성 공기청정기 AX60K5580WFD 모델,100000,삼성공기청정기AX60K5580WFD모델,공기청정기
[새상품] 디디오랩 공기청정기,27000,[새상품]디디오랩공기청정기,공기청정기
엘지 공기청정기,20000,엘지공기청정기,공기청정기
공기청정기,180000,공기청정기,공기청정기
파스넷퓨어 360 공기청정기,37900,파스넷퓨어360공기청정기,공기청정기
삼성공기청정기,200000,삼성공기청정기,공기청정기
페니체 공기청정기,10150,페니체공기청정기,공기청정기
마블 캡틴아메리카 공기청정기,34000,마블캡틴아메리카공기청정기,공기청정기
마블 캡틴아메리카 차량용 공기청정기,55000,마블캡틴아메리카차량용공기청정기,공기청정기
삼성 공기정화기 공기청정기 lg,125000,삼성공기정화기공기청정기lg,공기청정기
[WINIA] 위니아 에어캐스터 공기청정기,69000,[WINIA]위니아에어캐스터공기청정기,공기청정기
[WINIX] 위닉스 제로 플러스 공기청정기,50000,[WINIX]위닉스제로플러스공기청정기,공기청정기
[SAMSUNG] 삼성전자 블루스카이 공기청정기,69000,[SAMSUNG]삼성전자블루스카이공기청정기,공기청정기
(새상품)세스코 공기청정기 정품필터 2세트,35000,(새상품)세스코공기청정기정품필터2세트,공기청정기
[SAMSUNG] 삼성전자 비스포크 큐브 에어 공기청정기,299000,[SAMSUNG]삼성전자비스포크큐브에어공기청정기,공기청정기
깨끗한 발뮤다 에어엔진 공기청정기+정품필터,80000,깨끗한발뮤다에어엔진공기청정기+정품필터,공기청정기
펄세켐/에어큐브 공기청정기 겸 가습기,385000,펄세켐/에어큐브공기청정기겸가습기,공기청정기
[PULMUONE ROHAS] 풀무원 로하스 Ria 리아 공기청정기,129000,[PULMUONEROHAS]풀무원로하스Ria리아공기청정기,공기청정기
대형 아이큐에어 공기청정기,390000,대형아이큐에어공기청정기,공기청정기
에코파워12V 차량용 연료절감 공기청정기 새상품입니다~!!,130000,에코파워12V차량용연료절감공기청정기새상품입니다~!!,공기청정기
LG 퓨리케어 공기청정기 살균기능,500000,LG퓨리케어공기청정기살균기능,공기청정기
서울 바이마르 케어존2 공기청정기 미사용,100000,서울바이마르케어존2공기청정기미사용,공기청정기
스위스밀리터리 공기청정기,45000,스위스밀리터리공기청정기,공기청정기
삼성 공기청정기 블루스카이 3000,40000,삼성공기청정기블루스카이3000,공기청정기
코웨이 공기청정기 APMS-1516F,50000,코웨이공기청정기APMS-1516F,공기청정기
에어비타 네오 미니 공기청정기 (새것),11000,에어비타네오미니공기청정기(새것),공기청정기
영국]버논 로만드 공기청정기(VE-1003),45000,영국]버논로만드공기청정기(VE-1003),공기청정기
청호나이스 이과수 휘바람4 공기청정기 CHA-K700A,60000,청호나이스이과수휘바람4공기청정기CHA-K700A,공기청정기
미개봉) 휴대용 휴봇 공기청정기 +수분장벽 어성초 크림,70000,미개봉)휴대용휴봇공기청정기+수분장벽어성초크림,공기청정기
전/후면 2개소 필터로 2배 빠르고 강력한 공기청정기,100000,전/후면2개소필터로2배빠르고강력한공기청정기,공기청정기
에어팟 포터블 공기 청정기(차량용),40000,에어팟포터블공기청정기(차량용),공기청정기
cosy 차량공기청정기,18000,cosy차량공기청정기,공기청정기
SK매직 ACL-V32 공기청정기,250000,SK매직ACL-V32공기청정기,공기청정기
알로코리아 차량용 휴대용 소형 공기청정기,11000,알로코리아차량용휴대용소형공기청정기,공기청정기
미세먼지 무드등공기청정기풀박스 그대로 입니다,90000,미세먼지무드등공기청정기풀박스그대로입니다,공기청정기
"sk매직 공기청정기, 쿠첸 식기 살균 건조기 팝니다",65000,"sk매직공기청정기,쿠첸식기살균건조기팝니다",공기청정기
바이론 공기청정기 (새제품),70000,바이론공기청정기(새제품),공기청정기
휴대용 공기청정기 신생아 공기청정기,35000,휴대용공기청정기신생아공기청정기,공기청정기
K8 순정 빌트인 공기청정기,120000,K8순정빌트인공기청정기,공기청정기
새제품 차량용 탁상용 휴대용 공기 청정기,12000,새제품차량용탁상용휴대용공기청정기,공기청정기
차량용 공기청정기,20000,차량용공기청정기,공기청정기
청호나이스 공기청정기,50000,청호나이스공기청정기,공기청정기
친환경 공기 청정기,395000,친환경공기청정기,공기청정기
삼성 큐브 공기청정기,200000,삼성큐브공기청정기,공기청정기
코웨이노블 공기청정기 A급. 새필터 포함 입니다,370000,코웨이노블공기청정기A급.새필터포함입니다,공기청정기
암웨이공기청정기,50000,암웨이공기청정기,공기청정기
삼성 공기청정기,150000,삼성공기청정기,공기청정기
다이슨 가습 공기청정기부품용,30000,다이슨가습공기청정기부품용,공기청정기
오토모 공기청정기,300000,오토모공기청정기,공기청정기
애터미 대형 공기청정기,180000,애터미대형공기청정기,공기청정기
쿠쿠.스마트공기청정기.,90000,쿠쿠.스마트공기청정기.,공기청정기
루메나 ai 공기청정기 차량용,28000,루메나ai공기청정기차량용,공기청정기
새제품)디오로 차량용 공기청정기,14000,새제품)디오로차량용공기청정기,공기청정기
아이리버 차량(가정겸)용 공기청정기,15000,아이리버차량(가정겸)용공기청정기,공기청정기
급처미개봉) 콤마 공기청정기 거치대 풀 세트 새상품,230000,급처미개봉)콤마공기청정기거치대풀세트새상품,공기청정기
(새상품) 퀸메이드 풀케어 미니 공기청정기 QAC-9000W 판매,40000,(새상품)퀸메이드풀케어미니공기청정기QAC-9000W판매,공기청정기
"(정가369,000) 미로 miro 공기청정기 맑음 팝니다.",45000,"(정가369,000)미로miro공기청정기맑음팝니다.",공기청정기
삼성 블루스카이 3100 공기청정기 AP70F03102RTD,160000,삼성블루스카이3100공기청정기AP70F03102RTD,공기청정기
미개봉 새상품) 여자친구랑 헤어져서요 ㅜ 싸게 팔게요 공기청정기,300000,미개봉새상품)여자친구랑헤어져서요ㅜ싸게팔게요공기청정기,공기청정기
공기 청정기,43000,공기청정기,공기청정기
새상품 공기청정기,250000,새상품공기청정기,공기청정기
샤오미 차량용 공기청정기,100000,샤오미차량용공기청정기,공기청정기
특대형 위닉스 공기청정기,197000,특대형위닉스공기청정기,공기청정기
LG퓨리케어 360 공기청정기,180000,LG퓨리케어360공기청정기,공기청정기
가정용 공기청정기 화이트.블랙,29000,가정용공기청정기화이트.블랙,공기청정기
청호나이스 공기청정기 필터 입니다,60000,청호나이스공기청정기필터입니다,공기청정기
쿠쿠 공기청정기 화이트 인퓨어,43000,쿠쿠공기청정기화이트인퓨어,공기청정기
쉘퍼 Shelpur 공기청정기 화이트,170000,쉘퍼Shelpur공기청정기화이트,공기청정기
삼성 블루스카이 5500 어스브라운 공기청정기,270000,삼성블루스카이5500어스브라운공기청정기,공기청정기
엘지공기청정기,1150000,엘지공기청정기,공기청정기
코웨이 노블공기청정기 미사용(새제품) 팜니다!!,450000,코웨이노블공기청정기미사용(새제품)팜니다!!,공기청정기
LG 퓨리케어 360 공기청정기 V필터 2개 미개봉 새상품,125000,LG퓨리케어360공기청정기V필터2개미개봉새상품,공기청정기
다이슨 HP09 포름알데히드 핫앤쿨 공기청정기 온풍기,450000,다이슨HP09포름알데히드핫앤쿨공기청정기온풍기,공기청정기
Voltmate 가정용 공기청정기 P90,62000,Voltmate가정용공기청정기P90,공기청정기
공기청정기,5000,공기청정기,공기청정기
# LG 엘지 퓨리케어 오브제 공기청정기 무빙휠 1단 제품 받침대 무빙휠,30000,#LG엘지퓨리케어오브제공기청정기무빙휠1단제품받침대무빙휠,공기청정기
세스코 투루살균 공기청정기 판테온 EADS531,790000,세스코투루살균공기청정기판테온EADS531,공기청정기
발뮤다 에어엔진 공기청정기,85000,발뮤다에어엔진공기청정기,공기청정기
샤오미 미에어4 공기청정기,12000,샤오미미에어4공기청정기,공기청정기
공기청정기,200000,공기청정기,공기청정기
LG 공기 청정기,80000,LG공기청정기,공기청정기
보아르 휘겔리 V2 공기청정기,30000,보아르휘겔리V2공기청정기,공기청정기
쿠쿠 인스퓨어 공기청정기 W8200,189000,쿠쿠인스퓨어공기청정기W8200,공기청정기
LG 퓨리케어 공기청정기 +새제품 필터포함,290000,LG퓨리케어공기청정기+새제품필터포함,공기청정기
세스코몰 공기청정기 중고 팔아요,25000,세스코몰공기청정기중고팔아요,공기청정기
세균박멸 바이러스클린랩 공기청정기,40000,세균박멸바이러스클린랩공기청정기,공기청정기
세스코 트루살균 공기청정기 판테온 렌탈 판매,17950,세스코트루살균공기청정기판테온렌탈판매,공기청정기
미사용 엑소콘 홈스마트 공기청정기,39900,미사용엑소콘홈스마트공기청정기,공기청정기
SK매직 공기청정기(새필터) 팝니다 직거래,50000,SK매직공기청정기(새필터)팝니다직거래,공기청정기
쿠쿠공기청정기 필터 17평 20평형,40000,쿠쿠공기청정기필터17평20평형,공기청정기
위닉스 타워프라임 플러스 공기청정기 37평형,275000,위닉스타워프라임플러스공기청정기37평형,공기청정기
[미사용] 오아 코드리스 O2 보틀 공기청정기,20000,[미사용]오아코드리스O2보틀공기청정기,공기청정기
그랜저 튜익스 빌트인 공기청정기 정품 (브라운),130000,그랜저튜익스빌트인공기청정기정품(브라운),공기청정기
솔라 태양광이용 무선 자동차 음이온 공기청정기,70000,솔라태양광이용무선자동차음이온공기청정기,공기청정기
"보랄 더 데일리 차량용 에어크리너, 공기청정기",20000,"보랄더데일리차량용에어크리너,공기청정기",공기청정기
에어젠 Q11 차량용 및 사무용 공기청정기,24000,에어젠Q11차량용및사무용공기청정기,공기청정기
스웨덴 블루에어 503 공기청정기 18평형 양천구,60000,스웨덴블루에어503공기청정기18평형양천구,공기청정기
샤오미 공기청정기필터 미소우 PRO H - M7R-FLH,25000,샤오미공기청정기필터미소우PROH-M7R-FLH,공기청정기
샤오미 공기청정기 필터 미에어 프로 2 2S 3 3H 활성탄 새제품,19000,샤오미공기청정기필터미에어프로22S33H활성탄새제품,공기청정기
샤오미 공기청정기필터 정품 미소우 4PRO (M15R-FLP) - 4프로,28000,샤오미공기청정기필터정품미소우4PRO(M15R-FLP)-4프로,공기청정기
미마전자 스마트앱 UV살균 클린에어 공기청정기 MA-J9615W 새상품,120000,미마전자스마트앱UV살균클린에어공기청정기MA-J9615W새상품,공기청정기
공기청정기,45000,공기청정기,공기청정기
공기청정기,20000,공기청정기,공기청정기
공기청정기,55000,공기청정기,공기청정기
삼선 공기청정기,145000,삼선공기청정기,공기청정기
LG 퓨리케어 공기청정기 화이트,900000,LG퓨리케어공기청정기화이트,공기청정기
코웨이 CAIRS 공기청정기 아이보리,40000,코웨이CAIRS공기청정기아이보리,공기청정기
대형 샤오미 공기청정기 (공기청정기 덤),110000,대형샤오미공기청정기(공기청정기덤),공기청정기
코웨이 공기청정기 AP-1019C,35000,코웨이공기청정기AP-1019C,공기청정기
삼성 블루스카이 공기청정기 새상품 판매,180000,삼성블루스카이공기청정기새상품판매,공기청정기
차량용 USB 미니 공기청정기 새제품,30000,차량용USB미니공기청정기새제품,공기청정기
삼성 비스포크 큐브에어 무풍 공기청정기,370000,삼성비스포크큐브에어무풍공기청정기,공기청정기
LG오브제 알파 공기청정기 판매합니다 새필터 포함,750000,LG오브제알파공기청정기판매합니다새필터포함,공기청정기
위닉스 공기청정기 AW-190T 플라즈마닥터 판매합니다~~,19000,위닉스공기청정기AW-190T플라즈마닥터판매합니다~~,공기청정기
실사용x LG 퓨리케어 360 공기청정기 + 무빙휠 새제품,190000,실사용xLG퓨리케어360공기청정기+무빙휠새제품,공기청정기
(위닉스) AES330-W0 제로 공기청정기 11평 필터 2종 신품,66000,(위닉스)AES330-W0제로공기청정기11평필터2종신품,공기청정기
위닉스 대용량 공기청정기겸 에어워셔 기화식 가습기,59000,위닉스대용량공기청정기겸에어워셔기화식가습기,공기청정기
공기청정기,79000,공기청정기,공기청정기
특대형 삼성 블루스카이 공기청정기,390000,특대형삼성블루스카이공기청정기,공기청정기
삼성블루스카이 공기청정기 새상품 판매,180000,삼성블루스카이공기청정기새상품판매,공기청정기
쿠밍 공기청정기 화이트,40000,쿠밍공기청정기화이트,공기청정기
현대큐밍 공기청정기,50000,현대큐밍공기청정기,공기청정기
대형 샤오미 공기청정기,107000,대형샤오미공기청정기,공기청정기
샤프 가습 공기청정기,49000,샤프가습공기청정기,공기청정기
다이슨TP06 공기청정기 판매 택배가능,230000,다이슨TP06공기청정기판매택배가능,공기청정기
섬성 블루스카이 공기청정기,35000,섬성블루스카이공기청정기,공기청정기
삼성 비스포크 큐브 에어 무풍 공기청정기 특A급 판매,370000,삼성비스포크큐브에어무풍공기청정기특A급판매,공기청정기
코드26 화이트 제습기 공기청정기,65000,코드26화이트제습기공기청정기,공기청정기
LG퓨리케어 1단 공기청정기 깨끗한제품. 판매,150000,LG퓨리케어1단공기청정기깨끗한제품.판매,공기청정기
미사용 새제품 휴대용 공기청정기,15000,미사용새제품휴대용공기청정기,공기청정기
LG 퓨리케어 360 공기청정기(상태최상),210000,LG퓨리케어360공기청정기(상태최상),공기청정기
삼성 비스포크 큐브에어 공기청정기 스탠드,55000,삼성비스포크큐브에어공기청정기스탠드,공기청정기
다이슨 퓨어쿨미 공기청정기 선풍기 블랙,150000,다이슨퓨어쿨미공기청정기선풍기블랙,공기청정기
LG퓨리케어 360 공기청정기 A급 새필터2개포함,380000,LG퓨리케어360공기청정기A급새필터2개포함,공기청정기
LG오브제 알파 공기청정기 판매 프리미엄필터2개 포함,750000,LG오브제알파공기청정기판매프리미엄필터2개포함,공기청정기
삼성 블루스카이 공기청정기 A급 과 새필터 포함 판매합니다,160000,삼성블루스카이공기청정기A급과새필터포함판매합니다,공기청정기
보아르 제습기 m1000 + 공기청정기 2in1 미니제습기,45000,보아르제습기m1000+공기청정기2in1미니제습기,공기청정기
미개봉 정품 LG 퓨리케어 공기청정기 필터 PFSVEC01,48000,미개봉정품LG퓨리케어공기청정기필터PFSVEC01,공기청정기
dooco 아이퓨리 엣지 차량용 공기청정기 AP-1,80000,dooco아이퓨리엣지차량용공기청정기AP-1,공기청정기
LG퓨리케어 360 1단 공기청정기 22년생산 특A급 입니다,270000,LG퓨리케어3601단공기청정기22년생산특A급입니다,공기청정기
LG퓨리케어 360 1단 공기청정기 A급 판매 택배가능 21년생산,230000,LG퓨리케어3601단공기청정기A급판매택배가능21년생산,공기청정기
샤오미 공기청정기 4세대 Lite 라이트 팝니다. 앱연동 구글홈,119000,샤오미공기청정기4세대Lite라이트팝니다.앱연동구글홈,공기청정기
LG퓨리케어360 펫 모드 A급공기청정기 판매합니다 무빙휠포함,360000,LG퓨리케어360펫모드A급공기청정기판매합니다무빙휠포함,공기청정기
(새상품급) 독일 그린루프트 공기청정기 (음이온/LED 터치 무드등),30000,(새상품급)독일그린루프트공기청정기(음이온/LED터치무드등),공기청정기
LG오브제 알파 2단 공기청정기 A급 판매. 청소완료 필터새거2개,750000,LG오브제알파2단공기청정기A급판매.청소완료필터새거2개,공기청정기
(발뮤다) A01BWH 더 퓨어 공기청정기 18평형 필터 신품 국내정발,270000,(발뮤다)A01BWH더퓨어공기청정기18평형필터신품국내정발,공기청정기
코웨이공기청정기,50000,코웨이공기청정기,공기청정기
삼성비스포크 공기청정기,950000,삼성비스포크공기청정기,공기청정기
코웨이 대형 공기청정기,30000,코웨이대형공기청정기,공기청정기
대형 샤오미 공기청정기,109000,대형샤오미공기청정기,공기청정기
위닉스 공기청정기 화이트,54000,위닉스공기청정기화이트,공기청정기
LG 오브제 공기청정기 화이트,600000,LG오브제공기청정기화이트,공기청정기
삼성 블루스카이 공기청정기 팝니다,150000,삼성블루스카이공기청정기팝니다,공기청정기
SK매직 ACL-V100 공기청정기,35000,SK매직ACL-V100공기청정기,공기청정기
청호 제습공기청정기 AD150 새상품,237500,청호제습공기청정기AD150새상품,공기청정기
대형 공기청정기(틈새 밀대걸레 덤),149000,대형공기청정기(틈새밀대걸레덤),공기청정기
에어로닥터 WAD-H30 공기청정기(새상품),450000,에어로닥터WAD-H30공기청정기(새상품),공기청정기
미사용 2025 sk매직 공기청정기 16평,300000,미사용2025sk매직공기청정기16평,공기청정기
휴대용 공기청정기 차량용 C타입 미사용,20000,휴대용공기청정기차량용C타입미사용,공기청정기
애니퓨리 무드등 + 공기청정기 (해충퇴치 모기퇴치 기능),35000,애니퓨리무드등+공기청정기(해충퇴치모기퇴치기능),공기청정기
발뮤다 더 퓨어 공기청정기 A01B 화이트 미개봉,430000,발뮤다더퓨어공기청정기A01B화이트미개봉,공기청정기
공기청정기,40000,공기청정기,공기청정기
voar 공기청정기 화이트,25000,voar공기청정기화이트,공기청정기
위닉스 공기청정기 화이트,90000,위닉스공기청정기화이트,공기청정기
삼성 비스포크 큐브 공기청정기 (새 정풍필터 포함)AX123A9970GD,480000,삼성비스포크큐브공기청정기(새정풍필터포함)AX123A9970GD,공기청정기
알로코리아(미니) 플라즈마 미니 공기청정기,30000,알로코리아(미니)플라즈마미니공기청정기,공기청정기
YONO 원룸 미니 공기청정기,13000,YONO원룸미니공기청정기,공기청정기
샤오미 미에어 공기청정기 화이트,39000,샤오미미에어공기청정기화이트,공기청정기
lg 오브제 공기청정기 uv,650000,lg오브제공기청정기uv,공기청정기
가정용* 차량용 공기청정기,39900,가정용*차량용공기청정기,공기청정기
씽크에어 공기청정기 화이트 새상품,50000,씽크에어공기청정기화이트새상품,공기청정기
알파인코리아 오토메이트 G 차량용 공기청정기,100000,알파인코리아오토메이트G차량용공기청정기,공기청정기
샤오미에어Pro 공기청정기(공기청정기필터시트 착),48000,샤오미에어Pro공기청정기(공기청정기필터시트착),공기청정기
삼성 AX90T7020WBD 공기청정기 90제곱미터,500000,삼성AX90T7020WBD공기청정기90제곱미터,공기청정기
LG몽불랑 공기청정기(필터2종추가착,68000,LG몽불랑공기청정기(필터2종추가착,공기청정기
[필터교체완료] 위닉스 타워 XQ700 프리미엄 공기청정기 판매합니다,100000,[필터교체완료]위닉스타워XQ700프리미엄공기청정기판매합니다,공기청정기
퓨어시스 All-in-one Mobile 공기청정살균기 공기청정기,20000,퓨어시스All-in-oneMobile공기청정살균기공기청정기,공기청정기
벤타 에어워셔 오리지널 LW-15W 가습기+공기청정기 S급,160000,벤타에어워셔오리지널LW-15W가습기+공기청정기S급,공기청정기
위닉스 공기청정기,150000,위닉스공기청정기,공기청정기
LG 퓨리케어 공기청정기 화이트,140000,LG퓨리케어공기청정기화이트,공기청정기
LG 퓨리케어 공기청정기 화이트,230000,LG퓨리케어공기청정기화이트,공기청정기
삼성전자 블루스카이 공기청정기,88000,삼성전자블루스카이공기청정기,공기청정기
샤오미 공기청정기 h3,120000,샤오미공기청정기h3,공기청정기
코웨이 CAIRS 공기청정기 화이트,170000,코웨이CAIRS공기청정기화이트,공기청정기
신일 가습 공기청정기 화이트,25000,신일가습공기청정기화이트,공기청정기
나오테크 카본 차량용 공기청정기,10000,나오테크카본차량용공기청정기,공기청정기
샤오미 공기청정기 220v 케이블,10000,샤오미공기청정기220v케이블,공기청정기
그랜저ig 빌트인 공기청정기,150000,그랜저ig빌트인공기청정기,공기청정기
현대 블루스카이 15평형 공기청정기 MLA-1800,60000,현대블루스카이15평형공기청정기MLA-1800,공기청정기
LG 퓨리케어 360도 알파 공기청정기 34평,600000,LG퓨리케어360도알파공기청정기34평,공기청정기
Vaimar 바이마르 케어존 10평형 공기청정기 VMK-1854A,30000,Vaimar바이마르케어존10평형공기청정기VMK-1854A,공기청정기
팰리세이드LX2 빌트인 공기청정기 USB 가능,180000,팰리세이드LX2빌트인공기청정기USB가능,공기청정기
샤프 국내정품 KC-J60K 가습공기 청정기 판매합니다,90000,샤프국내정품KC-J60K가습공기청정기판매합니다,공기청정기
(상태좋은(다이슨공기청정기 퓨어 핫앤쿨 (온풍기+선풍기+공기청정기),280000,(상태좋은(다이슨공기청정기퓨어핫앤쿨(온풍기+선풍기+공기청정기),공기청정기
(발뮤다) EJT-1100SD 에어엔진 공기청정기 18평형 전시품,280000,(발뮤다)EJT-1100SD에어엔진공기청정기18평형전시품,공기청정기
LG 퓨리케어 360 공기청정기 필터 호환 새제품 박스회손 단순개봉 2개,26000,LG퓨리케어360공기청정기필터호환새제품박스회손단순개봉2개,공기청정기
BRUNT 공기청정기,40000,BRUNT공기청정기,공기청정기
위닉스 타워 공기청정기,20000,위닉스타워공기청정기,공기청정기
위닉스 공기청정기 화이트,50000,위닉스공기청정기화이트,공기청정기
공기 청정기,150000,공기청정기,공기청정기
미국엔틱 공기청정기,86000,미국엔틱공기청정기,공기청정기
LG 휘센 제습기 15리터 공기청정기 두가지기능재품 1등급결로방지예방,159000,LG휘센제습기15리터공기청정기두가지기능재품1등급결로방지예방,공기청정기
다이슨 공기청정기,450000,다이슨공기청정기,공기청정기
쿠쿠 정수기/공기청정기/비데,1234,쿠쿠정수기/공기청정기/비데,공기청정기
코웨이 공기청정기ap-1519m,20000,코웨이공기청정기ap-1519m,공기청정기
페니체 공기청정기,20000,페니체공기청정기,공기청정기
위닉스 공기청정기 AZBE380-IWK,39000,위닉스공기청정기AZBE380-IWK,공기청정기
삼상 공기청정기,200000,삼상공기청정기,공기청정기
"swahesr~공기청정기, 가습기, 인테리어",50000,"swahesr~공기청정기,가습기,인테리어",공기청정기
차량용 공기청정기(새상품),40000,차량용공기청정기(새상품),공기청정기
리빙에어 공기청정기,50000,리빙에어공기청정기,공기청정기
리빙에어 공기청정기,40000,리빙에어공기청정기,공기청정기
다이슨 퓨어 쿨미 공기청정기,180000,다이슨퓨어쿨미공기청정기,공기청정기
에어팩토리 공기청정기,60000,에어팩토리공기청정기,공기청정기
SK매직 공기청정기 화이트,35000,SK매직공기청정기화이트,공기청정기
LG 퓨리케어 공기청정기 화이트(2대),440000,LG퓨리케어공기청정기화이트(2대),공기청정기
캐리어 클라윈드 공기청정기 화이트,50000,캐리어클라윈드공기청정기화이트,공기청정기
에어비타 더스트제로 공기청정기,50000,에어비타더스트제로공기청정기,공기청정기
"환기타임 삼성공기청정기용 환기키트, 보조 샤시",50000,"환기타임삼성공기청정기용환기키트,보조샤시",공기청정기
위닉스 공기청정기 플라스마웨이브,60000,위닉스공기청정기플라스마웨이브,공기청정기
청호나이스 공기청정기 필터 저스트에어,30000,청호나이스공기청정기필터저스트에어,공기청정기
삼성 비스포크 큐브 에어 공기청정기 미사용,450000,삼성비스포크큐브에어공기청정기미사용,공기청정기
엘지 퓨리케어 공기청정기 AI 미개볼,1000000,엘지퓨리케어공기청정기AI미개볼,공기청정기
(미사용) 이녹스프랑 LED 공기청정기(AC-831R1),130000,(미사용)이녹스프랑LED공기청정기(AC-831R1),공기청정기
공기 청정기,23000,공기청정기,공기청정기
다이슨 빅 콰이어트 공기청정기,750000,다이슨빅콰이어트공기청정기,공기청정기
씽크웨이 씽크에어 제로 차량용 공기청정기,45000,씽크웨이씽크에어제로차량용공기청정기,공기청정기
펄스캠 저주파 마사지기 공기청정기,400000,펄스캠저주파마사지기공기청정기,공기청정기
필립스 GoPure 차량용 공기청정기 GP5211,10000,필립스GoPure차량용공기청정기GP5211,공기청정기
엘지 퓨리케어 24년식 공기청정기,540000,엘지퓨리케어24년식공기청정기,공기청정기
에어로타워 공기청정기 판매합니다,550000,에어로타워공기청정기판매합니다,공기청정기
필트슨 차량용 공기청정기 그레이,10000,필트슨차량용공기청정기그레이,공기청정기
민트색 스트라이프 디자인 공기청정기 삼성 비스포크,790000,민트색스트라이프디자인공기청정기삼성비스포크,공기청정기
(특A급) 네오홀릭 LUNA-AIR 탁상용 공기청정기,20000,(특A급)네오홀릭LUNA-AIR탁상용공기청정기,공기청정기
삼성 블루스카이 가습기 겸 공기청정기 12평형 양천구,50000,삼성블루스카이가습기겸공기청정기12평형양천구,공기청정기
SK매직 올클린 공기청정기(ACL-20C1A),90000,SK매직올클린공기청정기(ACL-20C1A),공기청정기
아이엠헬스케어 유에스비 미니 공기청정기 미사용,15000,아이엠헬스케어유에스비미니공기청정기미사용,공기청정기
삼성 공기청정기 AX34R3020WWD,35000,삼성공기청정기AX34R3020WWD,공기청정기
샤오미 미에어 공기청정기 2 AC-M2-AA,35000,샤오미미에어공기청정기2AC-M2-AA,공기청정기
LG몽불랑 공기청정기(3종자체조합 필터제공),68000,LG몽불랑공기청정기(3종자체조합필터제공),공기청정기
미니메이트 AS150MM 휴대용 공기청정기입니다,57000,미니메이트AS150MM휴대용공기청정기입니다,공기청정기
AS301DWFA 공기청정기 에너지 소비효율 2등급,600000,AS301DWFA공기청정기에너지소비효율2등급,공기청정기
엘지 공기청정기,1090000,엘지공기청정기,공기청정기
LG 하이드로타워 가습공기청정기 팝니다 (무빙힐 포함),1000000,LG하이드로타워가습공기청정기팝니다(무빙힐포함),공기청정기
LG 퓨리케어 360도 공기청정기 AS300DWFR 모델입니다,400000,LG퓨리케어360도공기청정기AS300DWFR모델입니다,공기청정기
다이슨 공기청정기 A급 판매합니다!!!,450000,다이슨공기청정기A급판매합니다!!!,공기청정기
삼성 큐브에어 Infinite AI 공기청정기 AX033DB900EGD,375000,삼성큐브에어InfiniteAI공기청정기AX033DB900EGD,공기청정기
LG 퓨리케어 360도 2단 공기청정기 AS334NSDC 무빙휠 포함,680000,LG퓨리케어360도2단공기청정기AS334NSDC무빙휠포함,공기청정기
공기청정기 온풍기,120000,공기청정기온풍기,공기청정기
아이클린 공기 청정기,1060000,아이클린공기청정기,공기청정기
샤오미 차량용 공기청정기,23000,샤오미차량용공기청정기,공기청정기
와이즈나인 휘릭 USB 공기청정기 FR-AIR01 화이트,20000,와이즈나인휘릭USB공기청정기FR-AIR01화이트,공기청정기
애터미 공기청정기,160000,애터미공기청정기,공기청정기
roto공기청정기필터,15000,roto공기청정기필터,공기청정기
LG퓨리케어공기청정기,80000,LG퓨리케어공기청정기,공기청정기
벤소닉 데스크탑 공기청정기,15000,벤소닉데스크탑공기청정기,공기청정기
완~전 새거!!! 집에서만 사용하던 코웨이 공기청정기 완전 싸게 팝니다~,80000,완~전새거!!!집에서만사용하던코웨이공기청정기완전싸게팝니다~,공기청정기
미사용2025 sk매직 공기청정기 22평(다크그린),450000,미사용2025sk매직공기청정기22평(다크그린),공기청정기
LifeSync 공기청정기 새상품 판매합니다,60000,LifeSync공기청정기새상품판매합니다,공기청정기
다이슨 공기청정기 tp03,90000,다이슨공기청정기tp03,공기청정기
탁상용공기청정기,30000,탁상용공기청정기,공기청정기
물리큘 공기청정기 개봉미사용,600000,물리큘공기청정기개봉미사용,공기청정기
에디슨 EP2805 공기청정기,100000,에디슨EP2805공기청정기,공기청정기
LG 퓨리케어 AI 오브제컬렉션 월핏 스탠드 공기청정기,550000,LG퓨리케어AI오브제컬렉션월핏스탠드공기청정기,공기청정기
차량용 공기청정기 에어비타 에어스틱,20000,차량용공기청정기에어비타에어스틱,공기청정기
다이슨 TP04 퓨어쿨 공기청정기 판매,200000,다이슨TP04퓨어쿨공기청정기판매,공기청정기
"LG 퓨리케어 공기청정기.솔도드림 ,이뻐요ㅡ아침기분이상쾌해요ㅡ",115000,"LG퓨리케어공기청정기.솔도드림,이뻐요ㅡ아침기분이상쾌해요ㅡ",공기청정기
벤타 공기청정기 LP60,195000,벤타공기청정기LP60,공기청정기
(위닉스) 숨 에어워셔 공기청정기 자연가습기 필터신품 공기를 물로 씻자,42000,(위닉스)숨에어워셔공기청정기자연가습기필터신품공기를물로씻자,공기청정기
삼성공기청정기 스탠드 리퍼 25평<필터2개포함>,100000,삼성공기청정기스탠드리퍼25평<필터2개포함>,공기청정기
암웨이 공기청정기,249000,암웨이공기청정기,공기청정기
공기청정기,39000,공기청정기,공기청정기
Air Beat 공기청정기 + 스피커,60000,AirBeat공기청정기+스피커,공기청정기
샤오미 smartmi 스마트미 공기청정기,85000,샤오미smartmi스마트미공기청정기,공기청정기
(급처)엑소콘 미니 공기 청정기,30000,(급처)엑소콘미니공기청정기,공기청정기
블루에어 공기청정기,30000,블루에어공기청정기,공기청정기
미개봉 차량용 휴봇 공기청정기,20000,미개봉차량용휴봇공기청정기,공기청정기
요술(YOSUL) 차량용 AI 공기청정기 판매합니다,60000,요술(YOSUL)차량용AI공기청정기판매합니다,공기청정기
LG 퓨리케어 공기청정기 360도,180000,LG퓨리케어공기청정기360도,공기청정기
공기청정기,60000,공기청정기,공기청정기
다이슨 Ph02. 가습 공기청정기 판매 A급 판매,300000,다이슨Ph02.가습공기청정기판매A급판매,공기청정기
"삼성공기청정기 중고 스탠드 무풍30평형(리퍼, 필터포함)",140000,"삼성공기청정기중고스탠드무풍30평형(리퍼,필터포함)",공기청정기
(새제품)불스원 에어테라피 차량용 공기청정기 필터,6000,(새제품)불스원에어테라피차량용공기청정기필터,공기청정기
휴봇)) 가정용 차량용 공기청정기 휴대용 판매,1300,휴봇))가정용차량용공기청정기휴대용판매,공기청정기
LG 공기청정기 퓨리케어 고급형,80000,LG공기청정기퓨리케어고급형,공기청정기
공기청정기,10000,공기청정기,공기청정기
voar 공기청정기 화이트,50000,voar공기청정기화이트,공기청정기
다이슨 TP09 퓨어쿨 공기청정기 판매(상태 a급),350000,다이슨TP09퓨어쿨공기청정기판매(상태a급),공기청정기
WINIX 공기청정기,55000,WINIX공기청정기,공기청정기
쿠쿠공기청정기필터,33000,쿠쿠공기청정기필터,공기청정기
퀸메이드 공기청정기 SAC-7000B,12000,퀸메이드공기청정기SAC-7000B,공기청정기
쿠쿠공기청정기필터,22000,쿠쿠공기청정기필터,공기청정기
피스넷 에어 가정용 공기청정기 새것 판매(총 2세트 있음),8500,피스넷에어가정용공기청정기새것판매(총2세트있음),공기청정기
공기청정기,450000,공기청정기,공기청정기
다이슨 pure cool 공기청정기,150000,다이슨purecool공기청정기,공기청정기
루프트럼 bc400 공기청정기 새상품,650000,루프트럼bc400공기청정기새상품,공기청정기
LG 퓨리케어 오브제 공기청정기 AS338DWH,650000,LG퓨리케어오브제공기청정기AS338DWH,공기청정기
삼성 비스포크 큐브에어 공기청정기 AX033DB900EGD,325000,삼성비스포크큐브에어공기청정기AX033DB900EGD,공기청정기
캐리어 공기청정기 (클라윈드),20000,캐리어공기청정기(클라윈드),공기청정기
삼성공기청정기12형,45000,삼성공기청정기12형,공기청정기
위닉스 공기청정기-중고,120000,위닉스공기청정기-중고,공기청정기
캐리어 클라윈드 공기청정기 필터 정품 새제품,20000,캐리어클라윈드공기청정기필터정품새제품,공기청정기
i-nic 플러그용 공기청정기,13000,i-nic플러그용공기청정기,공기청정기
블루에어 퓨어 231 공기청정기(20평),32000,블루에어퓨어231공기청정기(20평),공기청정기
하이드로마 공기청정기,21500,하이드로마공기청정기,공기청정기
암웨이 엣모스피어sky 공기청정기,400000,암웨이엣모스피어sky공기청정기,공기청정기
필립스 차량용 공기청정기,60000,필립스차량용공기청정기,공기청정기
새상품) 차량용 미니 공기청정기 EZ-AIRUFO,11000,새상품)차량용미니공기청정기EZ-AIRUFO,공기청정기
삼성 공기청정기(AX40K3020GWD),25000,삼성공기청정기(AX40K3020GWD),공기청정기
LG 퓨리케어 공기청정기 화이트,190000,LG퓨리케어공기청정기화이트,공기청정기
코웨이 공기청정기 AP-1018F,39000,코웨이공기청정기AP-1018F,공기청정기
미니 공기청정기 흡연냄새 pc 옆 탁상용,22000,미니공기청정기흡연냄새pc옆탁상용,공기청정기
(택포) 삼성 공기청정기 필터 CFX-D100D 2개,40000,(택포)삼성공기청정기필터CFX-D100D2개,공기청정기
차량용 공기청정기,8000,차량용공기청정기,공기청정기
캐리어 공기청정기 RCAPS-F050YRRW,150000,캐리어공기청정기RCAPS-F050YRRW,공기청정기
LG 퓨리케어 공기청정기 호환 필터 1개 세트 개봉 새상품,22000,LG퓨리케어공기청정기호환필터1개세트개봉새상품,공기청정기
필립스 GoPure GP6201 차량용 공기청정기,20000,필립스GoPureGP6201차량용공기청정기,공기청정기
위닉스 타워프라임 공기청정기 대형 화이트,200000,위닉스타워프라임공기청정기대형화이트,공기청정기
테코야 공기청정기,280000,테코야공기청정기,공기청정기
쿠크최고급2단공기청정기,650000,쿠크최고급2단공기청정기,공기청정기
위닉스 마스터 공기청정기 팝니다.,130000,위닉스마스터공기청정기팝니다.,공기청정기
LG전자 스탠드 공기청정기,100000,LG전자스탠드공기청정기,공기청정기
삼성 공기청정기 AX34N3020 팝니다,50000,삼성공기청정기AX34N3020팝니다,공기청정기
그린푸르트 공기청정기,40000,그린푸르트공기청정기,공기청정기
woney 공기청정기 새상품,20000,woney공기청정기새상품,공기청정기
사우디황실 미항공 우주국 NASA 선정 프리미엄 공기청정기 에이글,880000,사우디황실미항공우주국NASA선정프리미엄공기청정기에이글,공기청정기
LG 퓨리케어 360 오브제 공기청정기 최고 사양 M 필터 정품,85000,LG퓨리케어360오브제공기청정기최고사양M필터정품,공기청정기
삼성 무풍 큐브 공기청정기 AX90R9081WWD,200000,삼성무풍큐브공기청정기AX90R9081WWD,공기청정기
휴브너 E02 공기청정기,150000,휴브너E02공기청정기,공기청정기
캐리어 클라윈드 공기청정기 거실용 대형 판매,270000,캐리어클라윈드공기청정기거실용대형판매,공기청정기
한경희 펫케어 퓨어 UV살균 저소음 펫 공기청정기 HPA-3000 팝니다,199000,한경희펫케어퓨어UV살균저소음펫공기청정기HPA-3000팝니다,공기청정기
새상품)) 미로 맑음 공기청정기 MP18H13G,150000,새상품))미로맑음공기청정기MP18H13G,공기청정기
위닉스 공기청정기 AZSE430-JWK,80000,위닉스공기청정기AZSE430-JWK,공기청정기
lg공기청정기 la-w119pw,100000,lg공기청정기la-w119pw,공기청정기
피스넷 차량용 공기청정기 퓨어카2+필터 추가 1개 새것(총 2세트있음),28000,피스넷차량용공기청정기퓨어카2+필터추가1개새것(총2세트있음),공기청정기
오아 퓨어 미니 공기청정기,10000,오아퓨어미니공기청정기,공기청정기
고전키티 챠미키티 공기청정기,185190,고전키티챠미키티공기청정기,공기청정기
바이마르 공기청정기 화이트,50000,바이마르공기청정기화이트,공기청정기
[미개봉 신제품] 알로 휴대용 공기청정기,28000,[미개봉신제품]알로휴대용공기청정기,공기청정기
삼성전자 공기청정기 블루스카이 5000(필터2추가장착),86000,삼성전자공기청정기블루스카이5000(필터2추가장착),공기청정기
불스원 에어테라피 차량용 공기청정기,60000,불스원에어테라피차량용공기청정기,공기청정기
쿠쿠 공기청정기,79999,쿠쿠공기청정기,공기청정기
퓨어에이지 차량용 공기청정기,12000,퓨어에이지차량용공기청정기,공기청정기
캐리어 클라윈드 공기청정기,150000,캐리어클라윈드공기청정기,공기청정기
음이온 공기청정기,65000,음이온공기청정기,공기청정기
인기모델 정품 삼성 블루스카이 공기청정기 신품급,260000,인기모델정품삼성블루스카이공기청정기신품급,공기청정기
공기청정기 독일가습기공기청정기,400000,공기청정기독일가습기공기청정기,공기청정기
코웨이 공기청정기,400000,코웨이공기청정기,공기청정기
오아 퓨어 미니 공기청정기,5000,오아퓨어미니공기청정기,공기청정기
USB전원 2단풍량조절 공기청정기,32000,USB전원2단풍량조절공기청정기,공기청정기
클릭 더스트 제로 공기청정기 (미개봉 새상품),220000,클릭더스트제로공기청정기(미개봉새상품),공기청정기
코웨이 히티브 온풍 공기청정기 팝니다,500000,코웨이히티브온풍공기청정기팝니다,공기청정기
코웨이 공기청정기 회색,45000,코웨이공기청정기회색,공기청정기
쿠쿠 공기청정기,40000,쿠쿠공기청정기,공기청정기
"다이슨 가습기 겸 공기청정기 ph04 (상태a급) 국내정품, 필터포함",450000,"다이슨가습기겸공기청정기ph04(상태a급)국내정품,필터포함",공기청정기
에어로사이드 APS-300 공기청정기,71500,에어로사이드APS-300공기청정기,공기청정기
(정품) 삼성 공기청정기 필터 정품 CFX-D100D 미개봉 새제품 판매,37000,(정품)삼성공기청정기필터정품CFX-D100D미개봉새제품판매,공기청정기
짐머만 스마트 케어 공기청정기 H13. 미사용팝니다,50000,짐머만스마트케어공기청정기H13.미사용팝니다,공기청정기
다이슨 TP06 공기청정기 판매합니다,200000,다이슨TP06공기청정기판매합니다,공기청정기
삼성 블루스카이 3100 공기청정기 어스브라운 미개봉 새상품,220000,삼성블루스카이3100공기청정기어스브라운미개봉새상품,공기청정기
샤오미 공기청정기 미에어 2S,32000,샤오미공기청정기미에어2S,공기청정기
위닉스 타워 공기청정기 XQ 600,150000,위닉스타워공기청정기XQ600,공기청정기
쿠쿠 공기청정기,35000,쿠쿠공기청정기,공기청정기
LG공기청정기 팔아여!!,900000,LG공기청정기팔아여!!,공기청정기
투힘 차량용 공기청정기,28000,투힘차량용공기청정기,공기청정기
picco 오존 하이브리드 공기청정기 새상품 배터리탑재제품,76950,picco오존하이브리드공기청정기새상품배터리탑재제품,공기청정기
오아 오퓨어 공기청정기 + 필터,30000,오아오퓨어공기청정기+필터,공기청정기
비스코프 큐브 공기청정기,200000,비스코프큐브공기청정기,공기청정기
LG 퓨리케어 미니 공기청정기,50000,LG퓨리케어미니공기청정기,공기청정기
"구글스마트티비,퓨리케어2단공기청정기",200000,"구글스마트티비,퓨리케어2단공기청정기",공기청정기
AX60M5550WFD 삼성 공기청정기 정품,220000,AX60M5550WFD삼성공기청정기정품,공기청정기
코웨이 노블 공기청정기 AP-2021A필터순정자가교체ㅡ해운대,45000,코웨이노블공기청정기AP-2021A필터순정자가교체ㅡ해운대,공기청정기
불스원 에어테라피 차량용 공기청정기,14000,불스원에어테라피차량용공기청정기,공기청정기
위닉스 공기청정기 + 삼성블루스카이 청정기(무료증정 드림),50000,위닉스공기청정기+삼성블루스카이청정기(무료증정드림),공기청정기
CLOZER 휴대용 공기청정기 하늘색,20000,CLOZER휴대용공기청정기하늘색,공기청정기
삼성 블루스카이 공기청정기 30평형,80000,삼성블루스카이공기청정기30평형,공기청정기
가격인하FZ A51 A50 필립스 공기청정기 항균탄소필터 2개,10000,가격인하FZA51A50필립스공기청정기항균탄소필터2개,공기청정기
[위닉스]타워Q 공기청정기(필터시트 추가장착),58000,[위닉스]타워Q공기청정기(필터시트추가장착),공기청정기
위닉스 공기청정기 화이트 컬러,58000,위닉스공기청정기화이트컬러,공기청정기
100Z 차량용 공기청정기 미개봉 새상품 판매합니다.,58000,100Z차량용공기청정기미개봉새상품판매합니다.,공기청정기
HAUCH 하우크 공기청정기 가습,400000,HAUCH하우크공기청정기가습,공기청정기
보아르// 휘겔리 공기청정기,38000,보아르//휘겔리공기청정기,공기청정기
LG공기청정기,170000,LG공기청정기,공기청정기
다이슨 PH02 가습 공기청정기 A급 판매합니다.,340000,다이슨PH02가습공기청정기A급판매합니다.,공기청정기
LG 퓨리케어 공기청정기360 G 필터,180000,LG퓨리케어공기청정기360G필터,공기청정기
공기청정기 클라윈드 cap120sw,100000,공기청정기클라윈드cap120sw,공기청정기
AIR HFW100 공기청정기 필터 새제품 3개 일괄,35000,AIRHFW100공기청정기필터새제품3개일괄,공기청정기
소형 공기청정기 새제품,10000,소형공기청정기새제품,공기청정기
[공기청정기] LifeSync 타워형 공기청정기 올라운드 360도,50000,[공기청정기]LifeSync타워형공기청정기올라운드360도,공기청정기
쿠쿠 제습기&공기청정기 15L,80000,쿠쿠제습기&공기청정기15L,공기청정기
위닉스 공기청정기 AGX760-W7,110000,위닉스공기청정기AGX760-W7,공기청정기
암웨이 공기청정기 엣모스피어 미개봉 새상품,600000,암웨이공기청정기엣모스피어미개봉새상품,공기청정기
공기청정기 팔아요,50000,공기청정기팔아요,공기청정기
LG 퓨리케어 360 공기청정기 최고사양 M필터 정품,85000,LG퓨리케어360공기청정기최고사양M필터정품,공기청정기
삼성 공기청정기 무풍 큐브 30평대 2단,290000,삼성공기청정기무풍큐브30평대2단,공기청정기
샤오미 공기청정기 필터 새상품,20000,샤오미공기청정기필터새상품,공기청정기
암웨이 엣모스피어 드라이브 차량용 공기청정기,190000,암웨이엣모스피어드라이브차량용공기청정기,공기청정기
차량용 텀블러형 공기청정기,12000,차량용텀블러형공기청정기,공기청정기
직거래 웅진코웨이 공기청정기 가습기 제습기 APT-1014E,200000,직거래웅진코웨이공기청정기가습기제습기APT-1014E,공기청정기
(A급) 삼성 가습 청정기 (가습기 겸용 공기청정기) AX40H6500,90000,(A급)삼성가습청정기(가습기겸용공기청정기)AX40H6500,공기청정기
웰스 공기청정기 KSW-A05W2 모델입니다,25000,웰스공기청정기KSW-A05W2모델입니다,공기청정기
삼성 비스포크 무풍큐브에어 공기청정기 와 스탠드 정품필터 포함,280000,삼성비스포크무풍큐브에어공기청정기와스탠드정품필터포함,공기청정기
에어팟 포터블 공기 청정기(차량용),43000,에어팟포터블공기청정기(차량용),공기청정기
다이슨 퓨어 쿨 미 공기청정기,370500,다이슨퓨어쿨미공기청정기,공기청정기
CODE26 공기청정기 F-AP011S + 필터 새상품,50000,CODE26공기청정기F-AP011S+필터새상품,공기청정기
삼성 블루스카이 공기청정기,150000,삼성블루스카이공기청정기,공기청정기
삼성 블루스카이 공기청정기,100000,삼성블루스카이공기청정기,공기청정기
세스코 트루에어 판테온 공기청정기 그린,950000,세스코트루에어판테온공기청정기그린,공기청정기
미니 공기청정기,20000,미니공기청정기,공기청정기
GIPFEL 기펠 공기청정기 화이트,20000,GIPFEL기펠공기청정기화이트,공기청정기
샤오미 공기청정기 4세대 앱연동 가능,80000,샤오미공기청정기4세대앱연동가능,공기청정기
연료절감)차량용공기청정기(매연감소.파워증강.공기정화.살균.배터리재생)ㅡ,99000,연료절감)차량용공기청정기(매연감소.파워증강.공기정화.살균.배터리재생)ㅡ,공기청정기
LG 퓨리케어 2단 공기청정기 판매 (AS309DPA),390000,LG퓨리케어2단공기청정기판매(AS309DPA),공기청정기
삼성 블루 스카이 공기청정기,60000,삼성블루스카이공기청정기,공기청정기
보아르 모아 제습기 + 공기청정기 M1000,68000,보아르모아제습기+공기청정기M1000,공기청정기
위닉스 공기청정기(마스터s) 미개봉 새제품 - 직거래,320000,위닉스공기청정기(마스터s)미개봉새제품-직거래,공기청정기
초미세먼지 공기청정기 대형 공기청정기,1000000,초미세먼지공기청정기대형공기청정기,공기청정기
Liaail LQ2 차량용 공기청정기 !2일배송!,65000,LiaailLQ2차량용공기청정기!2일배송!,공기청정기
(클레어) 공기청정기 윈드 TD1866 필터1개월마만 사용 대한민국제품,18000,(클레어)공기청정기윈드TD1866필터1개월마만사용대한민국제품,공기청정기
차량용 AI 공기청정기(미개봉 필터 2박스 추가),35000,차량용AI공기청정기(미개봉필터2박스추가),공기청정기
LG 공기청정기 중고,100000,LG공기청정기중고,공기청정기
공기청정기,100000,공기청정기,공기청정기
삼성 Virus Doctor 탁상용 공기청정기,20000,삼성VirusDoctor탁상용공기청정기,공기청정기
USB A to Micro B 충전 케이블 블랙 휴대용 공기청정기,6000,USBAtoMicroB충전케이블블랙휴대용공기청정기,공기청정기
세스코 정수기 비데 에어제닉 공기청정기 에어커튼 특판행사 사은품 무료,500,세스코정수기비데에어제닉공기청정기에어커튼특판행사사은품무료,공기청정기
공기청정기 대형,1800000,공기청정기대형,공기청정기
루메나 A1 차량용 공기청정기,25700,루메나A1차량용공기청정기,공기청정기
30평형 현대 공기청정기 HQ-A19700,160000,30평형현대공기청정기HQ-A19700,공기청정기
LG 퓨리케어 48평형 공기청정기 화이트,600000,LG퓨리케어48평형공기청정기화이트,공기청정기
다이슨 공기청정기 호환필터 교체 TP04 TP05 HP04 DP04,20000,다이슨공기청정기호환필터교체TP04TP05HP04DP04,공기청정기
위닉스 공기청정기 타워엣지 화이트 (AT8E430-MWK) 팝니다,70000,위닉스공기청정기타워엣지화이트(AT8E430-MWK)팝니다,공기청정기
스위스밀리터리 윈드케어 공기청정기 팝니다,154000,스위스밀리터리윈드케어공기청정기팝니다,공기청정기
LG퓨리케어 공기청정기,500000,LG퓨리케어공기청정기,공기청정기
위닉스 공기청정기 AGX760-W7 판매합니다.,120000,위닉스공기청정기AGX760-W7판매합니다.,공기청정기
Lg공기청정기 에어로타워,550000,Lg공기청정기에어로타워,공기청정기
무선 블루투스 스피커 두개 차량용 공기청정기,25000,무선블루투스스피커두개차량용공기청정기,공기청정기
삼성 비스포크 큐브 에어 21평형 공기청정기,359000,삼성비스포크큐브에어21평형공기청정기,공기청정기
차량용 공기청정기 팝니다.(마블 아이언맨 에디션),40000,차량용공기청정기팝니다.(마블아이언맨에디션),공기청정기
공기청정기 필터,40000,공기청정기필터,공기청정기
[직거래만] 아이젠트 마모스 에코 음이온 공기청정기 판매합니다.,33000,[직거래만]아이젠트마모스에코음이온공기청정기판매합니다.,공기청정기
뉴나 리프바운서 아이보리 아기침대,20000,뉴나리프바운서아이보리아기침대,바운서
포톤스트리크바운서 슈레 두장 일괄,2000,포톤스트리크바운서슈레두장일괄,바운서
바운스브라더우주선에어바운서,250000,바운스브라더우주선에어바운서,바운서
HG g바운서 건담,36000,HGg바운서건담,바운서
콤비 네무리라 전동 스윙 바운서,50000,콤비네무리라전동스윙바운서,바운서
포톤스트리크 바운서 슈레,1000,포톤스트리크바운서슈레,바운서
(40) 발렌시아가 디펜더 바운서 그래피티,935000,(40)발렌시아가디펜더바운서그래피티,바운서
먼치킨 블루투스 아기 바운서 스윙 그레이,65000,먼치킨블루투스아기바운서스윙그레이,바운서
베이비뵨 바운서 + 플라잉프렌즈 모빌,239000,베이비뵨바운서+플라잉프렌즈모빌,바운서
유희왕 포톤 스트리크 바운서 카드 슈레,1500,유희왕포톤스트리크바운서카드슈레,바운서
바운서,109000,바운서,바운서
(270)빈폴 바운서 2.0 트렌드 스니커즈,29900,(270)빈폴바운서2.0트렌드스니커즈,바운서
포톤 스트리크 바운서 (슈레). 유희왕,1000,포톤스트리크바운서(슈레).유희왕,바운서
[260 270]발렌시아가 디펜더 바운서 클로그 러버 뮬 슬리퍼 샌들,860000,[260270]발렌시아가디펜더바운서클로그러버뮬슬리퍼샌들,바운서
트리미고 아기 바운서 흔들침대,110000,트리미고아기바운서흔들침대,바운서
뉴나 바운서,260000,뉴나바운서,바운서
피셔프라이스 아기 바운서 시트,1000,피셔프라이스아기바운서시트,바운서
240 빈폴스포츠 바운서 어글리 스니커즈 0213(4),15000,240빈폴스포츠바운서어글리스니커즈0213(4),바운서
발렌시아가 피어싱 디펜더 바운서 42,940000,발렌시아가피어싱디펜더바운서42,바운서
(정품/새상품) 발렌시아가 남성 라이트베이지 디펜더 바운서 스니커즈,880000,(정품/새상품)발렌시아가남성라이트베이지디펜더바운서스니커즈,바운서
(정품/새상품) 발렌시아가 남성 그레이 디펜더 바운서 스니커즈,880000,(정품/새상품)발렌시아가남성그레이디펜더바운서스니커즈,바운서
바운서 나눔합니다,1000,바운서나눔합니다,바운서
의자 학생 사무용 분홍색 바운서 시트 45x48cm. 새제품,6000,의자학생사무용분홍색바운서시트45x48cm.새제품,바운서
[미사용] 발렌시아가 바운서 스니커즈 베이지 44사이즈 (280~285,900000,[미사용]발렌시아가바운서스니커즈베이지44사이즈(280~285,바운서
유희왕 카드 일판 포톤 스트리크 바운서 슈퍼레어 사양,30000,유희왕카드일판포톤스트리크바운서슈퍼레어사양,바운서
브라이트사타트 기글 사파리 바운서 2,14000,브라이트사타트기글사파리바운서2,바운서
싸이벡스 레모 뉴본+바운서 스탠드+커넥터 일괄,135000,싸이벡스레모뉴본+바운서스탠드+커넥터일괄,바운서
바운서,10000,바운서,바운서
브라이트스타트 기글 사파리 바운서 2,25000,브라이트스타트기글사파리바운서2,바운서
바운서,39000,바운서,바운서
[일판] PS2 바운서 (A2793),3000,[일판]PS2바운서(A2793),바운서
콤비 네무리라 플러스 바운서 흔들침대,250000,콤비네무리라플러스바운서흔들침대,바운서
제주도 애기 구덕 아기 바운서 요람 미사용 제품,100000,제주도애기구덕아기바운서요람미사용제품,바운서
누나 아기 바운서 그레이,50000,누나아기바운서그레이,바운서
"인지뉴이티 코지킹덤 아기 스윙 바운서,흔들침대",40000,"인지뉴이티코지킹덤아기스윙바운서,흔들침대",바운서
문앤바운서스(MOON & BOUNCERS)미개봉 LP,80000,문앤바운서스(MOON&BOUNCERS)미개봉LP,바운서
아기 바운서 새상품,110000,아기바운서새상품,바운서
하마스바운서,20000,하마스바운서,바운서
마마루 전동바운서(핑크),90000,마마루전동바운서(핑크),바운서
포맘스 4moms 멀티스윙 바운서 새상품급,250000,포맘스4moms멀티스윙바운서새상품급,바운서
피셔프라이스 핑크바니 바운서 판매합니다,16000,피셔프라이스핑크바니바운서판매합니다,바운서
미국산 최고급 명품 아름다운 음악이 나오는 인제뉴이티 바운서,39000,미국산최고급명품아름다운음악이나오는인제뉴이티바운서,바운서
미국산 최고급 명품 아름다운 음악이 나오며 전동되는 인제뉴이티 바운서.,35000,미국산최고급명품아름다운음악이나오며전동되는인제뉴이티바운서.,바운서
미국산 최고급 명품 아름다운 음악이 나오며 전동되는 인제뉴이티 바운서.,31000,미국산최고급명품아름다운음악이나오며전동되는인제뉴이티바운서.,바운서
미국산 최고급 명품 아름다운 음악이 나오며 전동되는 인제뉴이티 바운서.,39000,미국산최고급명품아름다운음악이나오며전동되는인제뉴이티바운서.,바운서
유희왕 포톤 스트리크 바운서 퍼에 슈레 gaov-kr043,900,유희왕포톤스트리크바운서퍼에슈레gaov-kr043,바운서
마마루 바운서 핑크,30000,마마루바운서핑크,바운서
발렌시아가 바운서 40 (디펜더),1000000,발렌시아가바운서40(디펜더),바운서
빈폴 스포츠 바운서2.0 운동화 260,34900,빈폴스포츠바운서2.0운동화260,바운서
먼치킨 바운서,70000,먼치킨바운서,바운서
건담 G바운서,3000,건담G바운서,바운서
먼치킨 블루투스 아기 바운서,100000,먼치킨블루투스아기바운서,바운서
콤비 네무리라 플러스 바운서 & 스윙 침대 (사용 안 한 새 제품),350000,콤비네무리라플러스바운서&스윙침대(사용안한새제품),바운서
먼치킨 바운서 새상품 출산선물,138000,먼치킨바운서새상품출산선물,바운서
포맘스 바운서,100000,포맘스바운서,바운서
베이비욘 바운서와 모빌 판미니,220000,베이비욘바운서와모빌판미니,바운서
리본돌 아기 바운서,20000,리본돌아기바운서,바운서
프로스펙스 원더바운서 2켤레 snrd 단화,65000,프로스펙스원더바운서2켤레snrd단화,바운서
아름다운 음악이 나오는 미국산 최고급 명품 럭셔리 초경량 기내반입 바운서,39000,아름다운음악이나오는미국산최고급명품럭셔리초경량기내반입바운서,바운서
아기스윙 바운서,120000,아기스윙바운서,바운서
최고급 명품 럭셔리 디럭스 바운서 뉴나,28000,최고급명품럭셔리디럭스바운서뉴나,바운서
최고급 명품 럭셔리 디럭스 바운서 뉴나,35000,최고급명품럭셔리디럭스바운서뉴나,바운서
브라이트스타트 기글 사파리 바운서 2,6000,브라이트스타트기글사파리바운서2,바운서
뉴나 바운서 베이지,10000,뉴나바운서베이지,바운서
쁘띠메종 범퍼침대 페도라 카시트 수유쿠션 바운서 양말 일괄 직거래만,48000,쁘띠메종범퍼침대페도라카시트수유쿠션바운서양말일괄직거래만,바운서
포맘스 스마트바운서 플러스,104000,포맘스스마트바운서플러스,바운서
에어바운서(대여),30000,에어바운서(대여),바운서
유희왕 포톤 스트리크 바운서 GAOV,1000,유희왕포톤스트리크바운서GAOV,바운서
아기흔들의자 플라망고 바운서,21000,아기흔들의자플라망고바운서,바운서
플스2 ps2 바운서,8000,플스2ps2바운서,바운서
미국산 최고급 명품 초경량 기내반입 바운서 피셔프라이스 신형,35000,미국산최고급명품초경량기내반입바운서피셔프라이스신형,바운서
미국산 최고급 명품 피셔프라이스 마이 리틀 램 크래들 앤 스윙 바운서,40000,미국산최고급명품피셔프라이스마이리틀램크래들앤스윙바운서,바운서
급처)MLB 바운서 레인부츠 NY (Black),44000,급처)MLB바운서레인부츠NY(Black),바운서
뉴나 바운서 리프커브(Leaf Curv)판매합니다,60000,뉴나바운서리프커브(LeafCurv)판매합니다,바운서
"""그라코 바운서 모빌""[유아놀이용품. 유아용모빌..유모차모빌.카시트모빌",19000,"""그라코바운서모빌""[유아놀이용품.유아용모빌..유모차모빌.카시트모빌",바운서
"""바운서모빌""[유모차 카시트모빌.아기침대 휴대용모빌.신생아외출용품장난감",18000,"""바운서모빌""[유모차카시트모빌.아기침대휴대용모빌.신생아외출용품장난감",바운서
자장가 노래가 나오는 최고급 명품 럭셔리 디럭스 전동 바운서 인제뉴어티.,35000,자장가노래가나오는최고급명품럭셔리디럭스전동바운서인제뉴어티.,바운서
포맘스 스마트 바운서 플러스 판매합니다.,100000,포맘스스마트바운서플러스판매합니다.,바운서
아름다운 음악이 나오는 브라이트 하이브리드 인제뉴어티 전동 스윙 바운서,45000,아름다운음악이나오는브라이트하이브리드인제뉴어티전동스윙바운서,바운서
아름다운 음악이 나오는 브라이트 하이브리드 인제뉴어티 전동 스윙 바운서,50000,아름다운음악이나오는브라이트하이브리드인제뉴어티전동스윙바운서,바운서
엠엘비 바운서 레인부츠,70000,엠엘비바운서레인부츠,바운서
발렌시아가 바운서(디펜더) 43 사이즈 그레이 상태좋음,1490000,발렌시아가바운서(디펜더)43사이즈그레이상태좋음,바운서
타이니러브 바운서,50000,타이니러브바운서,바운서
LP 미개봉 100장한정반 문앤바운서스 THE ALBUM 12인치,20000,LP미개봉100장한정반문앤바운서스THEALBUM12인치,바운서
조이드리머 바운서,30000,조이드리머바운서,바운서
뉴나 리프 커브 프리미엄 신생아 바운서 팝니다.,120000,뉴나리프커브프리미엄신생아바운서팝니다.,바운서
바운서 커버 피셔프라이스 유아 아기 신생아 -일반우편 무료배송,3000,바운서커버피셔프라이스유아아기신생아-일반우편무료배송,바운서
베이비해먹 아기침대 아마조나스 카야네츄라 베이비해먹 바운서 아기침대 사진,100000,베이비해먹아기침대아마조나스카야네츄라베이비해먹바운서아기침대사진,바운서
아마조나스 카야네츄라 베이비해먹 바운서 아기침대 사진 구성품참고 필수!,100000,아마조나스카야네츄라베이비해먹바운서아기침대사진구성품참고필수!,바운서
브라이트 스타트 바운서 택배가능,20000,브라이트스타트바운서택배가능,바운서
HGAGE G-바운서 가조립,16000,HGAGEG-바운서가조립,바운서
베이비뵨 바운서 블랙 + 모빌,80000,베이비뵨바운서블랙+모빌,바운서
(미개봉) hg g 바운서,36000,(미개봉)hgg바운서,바운서
베이비뵨 바운서,70000,베이비뵨바운서,바운서
싸이벡스 유아 바운서 그레이,45000,싸이벡스유아바운서그레이,바운서
마마루 바운서 핑크,70000,마마루바운서핑크,바운서
베이비뵨 바운서(메쉬그레이),170000,베이비뵨바운서(메쉬그레이),바운서
보아르 더온리제로 3초 분유포트겸 커피포트 VPT-001WH,33000,보아르더온리제로3초분유포트겸커피포트VPT-001WH,분유포트
맘코니 휴대용 분유포트,25000,맘코니휴대용분유포트,분유포트
마베비 휴대용 분유포트 무선 500ml 베터리 분리,95000,마베비휴대용분유포트무선500ml베터리분리,분유포트
데아트 스마트 분유포트 & 티포트,30000,데아트스마트분유포트&티포트,분유포트
2in1 맘편한 분유포트,50000,2in1맘편한분유포트,분유포트
Wicloud 젖병 분유포트 전기주전자,15000,Wicloud젖병분유포트전기주전자,분유포트
보아르 멀티 젖병소독기 분유포트,35000,보아르멀티젖병소독기분유포트,젖병소독기
한일 휴대용 분유포트 아이보리색,50000,한일휴대용분유포트아이보리색,분유포트
베이비브레짜 젖병세척기 분유제조기 보르르분유포트세트,360000,베이비브레짜젖병세척기분유제조기보르르분유포트세트,분유포트
새상품) 소베맘 2in1 듀얼 분유포트 출수형&주전자형,90000,새상품)소베맘2in1듀얼분유포트출수형&주전자형,분유포트
코넘 휴대용 분유포트,54000,코넘휴대용분유포트,분유포트
코넘분유포트,40000,코넘분유포트,분유포트
Boleuleu 보르르 분유포트 화이트,50000,Boleuleu보르르분유포트화이트,분유포트
(새상품) 베이비브레짜 분유제조기 출수형 분유포트 블랙,265500,(새상품)베이비브레짜분유제조기출수형분유포트블랙,분유포트
분유포트/조명/식탁/이동식테이블,50000,분유포트/조명/식탁/이동식테이블,분유포트
리웨이분유포트,30000,리웨이분유포트,분유포트
폴레드 픽셀 분유포트,30000,폴레드픽셀분유포트,분유포트
보아르 아가보틀 휴대용 분유포트 A01741,93000,보아르아가보틀휴대용분유포트A01741,분유포트
모윰 출수형 분유포트,80000,모윰출수형분유포트,분유포트
"[DDB하남,A급] 데아트 휴대용 분유포트 500ml 크림베이지",45000,"[DDB하남,A급]데아트휴대용분유포트500ml크림베이지",분유포트
릴리브 듀얼저울 분유포트 PRO 2026,190000,릴리브듀얼저울분유포트PRO2026,분유포트
새상품 나리몽 휴대용분유포트 핑크,75000,새상품나리몽휴대용분유포트핑크,분유포트
필립스분유포트기 HD9355/90 보온전용(항상뜨거운물)새상품,73000,필립스분유포트기HD9355/90보온전용(항상뜨거운물)새상품,분유포트
휴대용 분유포트 무선 보온 여행용 전기 포트기,38000,휴대용분유포트무선보온여행용전기포트기,분유포트
[풀세트] 필립스 프리미엄 아방세 티메이커 (이유식 중탕/분유포트 가능,80000,[풀세트]필립스프리미엄아방세티메이커(이유식중탕/분유포트가능,분유포트
릴리브 분유포트,20000,릴리브분유포트,분유포트
휴대용 분유포트 젖병건조대 일괄,12000,휴대용분유포트젖병건조대일괄,분유포트
휴대용 분유포트 무선 보온 여행용 전기 포트기 316SUS,35000,휴대용분유포트무선보온여행용전기포트기316SUS,분유포트
휴대용 분유포트 무선 보온 여행용 전기 포트기 316SUS 12000mA,35000,휴대용분유포트무선보온여행용전기포트기316SUS12000mA,분유포트
휴대용 분유포트 무선 보온 여행용 전기포트 316SUS 12000mAh,35000,휴대용분유포트무선보온여행용전기포트316SUS12000mAh,분유포트
"필립스 분유포트,커피포트(1.7L)",43000,"필립스분유포트,커피포트(1.7L)",분유포트
휴대용 분유포트 무선 보온 여행용 전기 포트기 충전식 보온병,35000,휴대용분유포트무선보온여행용전기포트기충전식보온병,분유포트
꿈비 자동 출수형 분유포트 (미개봉새상품),85000,꿈비자동출수형분유포트(미개봉새상품),분유포트
보아르 멀티 분유포트 VPT-095W,90000,보아르멀티분유포트VPT-095W,분유포트
꿈비 자동 출수형 분유포트,60000,꿈비자동출수형분유포트,분유포트
이오맘 스마트 자동 분유포트,30000,이오맘스마트자동분유포트,분유포트
정수기형 원터치 보온포트 티포트 커피포트 분유포트 민트색상,22000,정수기형원터치보온포트티포트커피포트분유포트민트색상,분유포트
와드맘 분유 포트,25000,와드맘분유포트,분유포트
Apnoo휴대용 분유포트 무선 보온 여행용 전기 포트기316SUS,35000,Apnoo휴대용분유포트무선보온여행용전기포트기316SUS,분유포트
휴대용 분유포트 무선 보온 여행용 전기포트기 316SUS 12000mAh,35000,휴대용분유포트무선보온여행용전기포트기316SUS12000mAh,분유포트
휴대용 분유포트 무선 보온 여행용 전기 포트기 316SUS 12000mA,38000,휴대용분유포트무선보온여행용전기포트기316SUS12000mA,분유포트
휴대용 분유포트 무선 보온 여행용 전기 포트기 316SUS 충전식 보온병,35000,휴대용분유포트무선보온여행용전기포트기316SUS충전식보온병,분유포트
일렉트로룩스 커피포트.분유포트,25000,일렉트로룩스커피포트.분유포트,분유포트
릴리브 분유포트 3세대,32000,릴리브분유포트3세대,분유포트
보아르 더온리제로 3초 분유포트겸 커피포트 VPT-001WH 판매합니다,60000,보아르더온리제로3초분유포트겸커피포트VPT-001WH판매합니다,분유포트
듀플렉스 베베 올인원 분유포트,45000,듀플렉스베베올인원분유포트,분유포트
코넘 젖병소독기&분유포트기 일체형,80000,코넘젖병소독기&분유포트기일체형,젖병소독기
deart 디아트 자동분유포트 DAT-500,60000,deart디아트자동분유포트DAT-500,분유포트
나리몽 출수형 분유포트,85000,나리몽출수형분유포트,분유포트
릴리브 3세대 분유포트,55000,릴리브3세대분유포트,분유포트
미마분유포트,55000,미마분유포트,분유포트
[택포가격] 쿠첸 분유포트 CP-W302MCB 전기물끓이기,50000,[택포가격]쿠첸분유포트CP-W302MCB전기물끓이기,분유포트
reliev 릴리브 유아용 정수기 분유포트,95000,reliev릴리브유아용정수기분유포트,분유포트
라비킷 분유포트 4세대 새상품 판매,120000,라비킷분유포트4세대새상품판매,분유포트
폴레드 픽셀팟 분유포트(2번사용),70000,폴레드픽셀팟분유포트(2번사용),분유포트
에어맘 분유포트,80000,에어맘분유포트,분유포트
분유포트,43000,분유포트,분유포트
버들맘마 분유포트,80000,버들맘마분유포트,분유포트
미니 순간 온수기 정수기 분유포트 온도조절,36000,미니순간온수기정수기분유포트온도조절,분유포트
스칸디노티아 유리티포트 커피포트 분유포트 1회 테스트상품,20000,스칸디노티아유리티포트커피포트분유포트1회테스트상품,분유포트
보르르 출수형 분유포트 새상품,180000,보르르출수형분유포트새상품,분유포트
라비킷 자동 출수형 분유포트 4세대 국내유일 통분리세척 대용량 전기포트,190000,라비킷자동출수형분유포트4세대국내유일통분리세척대용량전기포트,분유포트
"스토케 뉴본, 젖병소독기, 라비킷 분유포트",80000,"스토케뉴본,젖병소독기,라비킷분유포트",젖병소독기
보아르 더온리제로 온수 전기 포트 (분유포트),25000,보아르더온리제로온수전기포트(분유포트),분유포트
폴레드 픽셀 분유포트,50000,폴레드픽셀분유포트,분유포트
쿠첸 분유포트,38000,쿠첸분유포트,분유포트
폴레드 픽셀팟 자동 분유포트 베이지(박스그대로보관),60000,폴레드픽셀팟자동분유포트베이지(박스그대로보관),분유포트
릴리브분유포트,35000,릴리브분유포트,분유포트
에어맘 UV케어 분유포트 새상품,110000,에어맘UV케어분유포트새상품,분유포트
미마 자동 분유포트 MMD-J25DIV 새상품(세척만),50000,미마자동분유포트MMD-J25DIV새상품(세척만),분유포트
휴대용 분유포트,8000,휴대용분유포트,분유포트
라비킷 분유포트 새상품 판매합니다,150000,라비킷분유포트새상품판매합니다,분유포트
Apnoo 여행 전기 온수컵 전기포트 보온포트 분유포트 520ml,16000,Apnoo여행전기온수컵전기포트보온포트분유포트520ml,분유포트
여행 전기 온수컵 전기 커피포트 4단계 온도조절 겸용 분유포트 520ml,15000,여행전기온수컵전기커피포트4단계온도조절겸용분유포트520ml,분유포트
에어맘 분유포트 3세대형: 분유포트 본품,40000,에어맘분유포트3세대형:분유포트본품,분유포트
보아르 아가맘마 멀티 젖병소독기 분유포트 새상품,100000,보아르아가맘마멀티젖병소독기분유포트새상품,젖병소독기
퀸메이드 티포트 커피포트 분유포트 1.8L,13000,퀸메이드티포트커피포트분유포트1.8L,분유포트
무선 휴대용분유포트,55000,무선휴대용분유포트,분유포트
"VOAR 더온리제로 분유포트, 온수기",35000,"VOAR더온리제로분유포트,온수기",분유포트
분유포트 자동 온도조절 스마트 멀티 포트 분유 육아 신생아 20만원구입,75000,분유포트자동온도조절스마트멀티포트분유육아신생아20만원구입,분유포트
휴대용 분유포트,85000,휴대용분유포트,분유포트
엘프슈타펠 분유포트 BNB 1800T,21000,엘프슈타펠분유포트BNB1800T,분유포트
최고급 명품 초경량 오토분유포트 쿠첸 CP-W303MGN. 롯데홈쇼핑,150000,최고급명품초경량오토분유포트쿠첸CP-W303MGN.롯데홈쇼핑,분유포트
미개봉 풀무원 분유포트 팝니다 (PC13DWCT),45000,미개봉풀무원분유포트팝니다(PC13DWCT),분유포트
윈크라드우드 전기 유리 포트 주전자 분유포트 분유주전자,35000,윈크라드우드전기유리포트주전자분유포트분유주전자,분유포트
쿠첸 분유포트 cp-w302mcb 제품,15000,쿠첸분유포트cp-w302mcb제품,분유포트
보르테가 모던 멀티 분유포트,30000,보르테가모던멀티분유포트,분유포트
오엘라 분유포트,25000,오엘라분유포트,분유포트
(새제품)한샘 스마트 온도조절형 스텐 전기포트 분유포트,80000,(새제품)한샘스마트온도조절형스텐전기포트분유포트,분유포트
독일 엘프슈타펠 쿨터치 위생적인 통유리 전기 분유포트 티 커피포트,42550,독일엘프슈타펠쿨터치위생적인통유리전기분유포트티커피포트,분유포트
루베크 1.7리터 티포트/분유포트/약탕기 24시간 보온포트,32900,루베크1.7리터티포트/분유포트/약탕기24시간보온포트,분유포트
루베크 프리미엄 티포트 1.7L RU-771TP 티메이커 약탕기 분유포트,39000,루베크프리미엄티포트1.7LRU-771TP티메이커약탕기분유포트,분유포트
라쿠진 아기사랑 분유포트 LCZ201,23000,라쿠진아기사랑분유포트LCZ201,분유포트
에어맘 분유 포트 자동출수형 포트기,60800,에어맘분유포트자동출수형포트기,분유포트
아트첸 프리미엄 조그셔틀 티포트/분유포트/약탕기,29900,아트첸프리미엄조그셔틀티포트/분유포트/약탕기,분유포트
아트첸 조그셔틀 프리미엄 티포트/분유포트/약탕기/보온주전자,29900,아트첸조그셔틀프리미엄티포트/분유포트/약탕기/보온주전자,분유포트
릴리브) 2세대 분유포트 팝니다.,40000,릴리브)2세대분유포트팝니다.,분유포트
24시간 보온가능 프리미엄 티포트/분유포트 미개봉 새상품,33900,24시간보온가능프리미엄티포트/분유포트미개봉새상품,분유포트
스마트 포트. 분유 포트ㅡ새 것,70000,스마트포트.분유포트ㅡ새것,분유포트
새상품)키친아트 접이식 포트 휴대용 여행용 분유포트 커피 포트기 폴딩포트,25000,새상품)키친아트접이식포트휴대용여행용분유포트커피포트기폴딩포트,분유포트
키친로즈 KR-1800T (티포트/ 분유포트/ 약탕기 등 24시간 보온),29900,키친로즈KR-1800T(티포트/분유포트/약탕기등24시간보온),분유포트
리웨이 프리미엄 티포트/분유포트/약탕기 [30개 한정],29900,리웨이프리미엄티포트/분유포트/약탕기[30개한정],분유포트
루베크 프리미엄 티포트/분유포트/약탕기 24시보온 택배배송RU-771TP,29900,루베크프리미엄티포트/분유포트/약탕기24시보온택배배송RU-771TP,분유포트
분유포트,19000,분유포트,분유포트
멀티분유포트,45000,멀티분유포트,분유포트
새상품 티메이커 티포트 스마트멀티 분유포트,55000,새상품티메이커티포트스마트멀티분유포트,분유포트
미개봉 티포트 투인원기능 스마트 약탕기 분유포트,35000,미개봉티포트투인원기능스마트약탕기분유포트,분유포트
윈클라우드 분유포트 주전자 새거,50000,윈클라우드분유포트주전자새거,분유포트
보르르 분유포트,25000,보르르분유포트,분유포트
보르르 분유포트,50000,보르르분유포트,분유포트
릴리브 분유포트 (9개월 사용),30000,릴리브분유포트(9개월사용),분유포트
라비킷 분유포트 전기포트 출산선물(새재품),80000,라비킷분유포트전기포트출산선물(새재품),분유포트
보르르 출수형 분유포트,120000,보르르출수형분유포트,분유포트
라비킷 분유포트 전기포트 출산선물(새재품),110000,라비킷분유포트전기포트출산선물(새재품),분유포트
릴리브3세대분유포트,10700,릴리브3세대분유포트,분유포트
나리몽 휴대용 분유포트 보온병,43000,나리몽휴대용분유포트보온병,분유포트
라비킷 분유포트 전기포트 출산선물(마지막사진 잔기스 있음),70000,라비킷분유포트전기포트출산선물(마지막사진잔기스있음),분유포트
라비킷 분유포트 전기포트 출산선물(마지막사진 잔기스 있음),65000,라비킷분유포트전기포트출산선물(마지막사진잔기스있음),분유포트
라쿠진 전기주전자분유포트,15000,라쿠진전기주전자분유포트,분유포트
reliev 릴리브 분유포트,27000,reliev릴리브분유포트,분유포트
500ml 휴대용 분유포트 무선 보온12000mAh충전식 보온병 그린,32000,500ml휴대용분유포트무선보온12000mAh충전식보온병그린,분유포트
라비킷 분유포트 전기포트 출산선물(새재품),90000,라비킷분유포트전기포트출산선물(새재품),분유포트
라비킷 분유포트 전기포트 출산선물(새재품),105000,라비킷분유포트전기포트출산선물(새재품),분유포트
라비킷 분유포트 전기포트 출산선물(새재품),100000,라비킷분유포트전기포트출산선물(새재품),분유포트
엔조이커플의 릴리브 화이트 분유포트 3세대,30000,엔조이커플의릴리브화이트분유포트3세대,분유포트
프로미스 베이비 분유포트,35000,프로미스베이비분유포트,분유포트
100도 가열 트립베드 히팅텀블러 휴대용 무선 분유포트 보온 전기포트,32000,100도가열트립베드히팅텀블러휴대용무선분유포트보온전기포트,분유포트
릴리브 3세대 분유포트,37000,릴리브3세대분유포트,분유포트
나리몽 휴대용분유포트,30000,나리몽휴대용분유포트,분유포트
Aiiyya100도 가열 트립베드 히팅텀블러 분유포트 온도조절500ml,32000,Aiiyya100도가열트립베드히팅텀블러분유포트온도조절500ml,분유포트
글라스 커피포트 분유포트,30000,글라스커피포트분유포트,분유포트
유팡 젖병 소독기 크림색,32000,유팡젖병소독기크림색,젖병소독기
유팡 젖병소독기 5만원 +칫솔걸이+램프2개 같이드림,50000,유팡젖병소독기5만원+칫솔걸이+램프2개같이드림,젖병소독기
보아르 멀티 젖병소독기 분유포트,35000,보아르멀티젖병소독기분유포트,젖병소독기
유팡 시그니처 젖병소독기 화이트 911A-WH,200000,유팡시그니처젖병소독기화이트911A-WH,젖병소독기
유팡 젖병 소독기 화이트 UP901,16200,유팡젖병소독기화이트UP901,젖병소독기
(새상품급) 퓨리티 플러스 3D 입체 회전형 젖병 소독기,150000,(새상품급)퓨리티플러스3D입체회전형젖병소독기,젖병소독기
babyboost 스마트 UVC LED 젖병소독기,123000,babyboost스마트UVCLED젖병소독기,젖병소독기
해님 젖병소독기,29900,해님젖병소독기,젖병소독기
UPANG 젖병소독기 UP401-Y,25000,UPANG젖병소독기UP401-Y,젖병소독기
UPANG 젖병소독기 UP701-G,25000,UPANG젖병소독기UP701-G,젖병소독기
폴레드 픽셀 젖병소독기 라이트 베이지 새상품,309000,폴레드픽셀젖병소독기라이트베이지새상품,젖병소독기
유팡 젖병소독기 시그니처2 화이트(미개봉새상품),362000,유팡젖병소독기시그니처2화이트(미개봉새상품),젖병소독기
RayQueen 대용량 젖병소독기 JHS-400,35000,RayQueen대용량젖병소독기JHS-400,젖병소독기
에코맘 젖병 소독기 살군기 깨끗하고 작동잘됩니다 테스트완료,70000,에코맘젖병소독기살군기깨끗하고작동잘됩니다테스트완료,젖병소독기
유팡 젖병 소독기 핑크,40000,유팡젖병소독기핑크,젖병소독기
닥터에이제이 젖병 소독기,75000,닥터에이제이젖병소독기,젖병소독기
에르제젖병 소독기 화이트,36000,에르제젖병소독기화이트,젖병소독기
유팡 젖병 소독기,19000,유팡젖병소독기,젖병소독기
UPANG 젖병소독기 UP701-GR,25000,UPANG젖병소독기UP701-GR,젖병소독기
NUK 누크 Micro Express Plus 젖병 소독기입니다,40000,NUK누크MicroExpressPlus젖병소독기입니다,젖병소독기
필립스 아벤트 젖병 소독기 스팀 소독기,20000,필립스아벤트젖병소독기스팀소독기,젖병소독기
벤브와 스팀 젖병 소독기 화이트,18000,벤브와스팀젖병소독기화이트,젖병소독기
babyboost 젖병 소독기,68000,babyboost젖병소독기,젖병소독기
한일 포근 젖병 소독기 화이트 (박스 풀구성 새상품),95000,한일포근젖병소독기화이트(박스풀구성새상품),젖병소독기
레이퀸 젖병 소독기 그린/화이트,20000,레이퀸젖병소독기그린/화이트,젖병소독기
레이퀸 젖병 소독기 살균기,19000,레이퀸젖병소독기살균기,젖병소독기
(유팡) UP401-Y 전기소독기 젖병소독기 살균건조기 적외 자외 열풍,16000,(유팡)UP401-Y전기소독기젖병소독기살균건조기적외자외열풍,젖병소독기
휴비딕 아기 젖병 소독기 건조기,245000,휴비딕아기젖병소독기건조기,젖병소독기
폴레드 픽셀 젖병소독기(새상품/트레이2종),330000,폴레드픽셀젖병소독기(새상품/트레이2종),젖병소독기
꿈비 젖병소독기,120000,꿈비젖병소독기,젖병소독기
[전시새제품] 에코맘 젖병소독기 레드 새제품,89000,[전시새제품]에코맘젖병소독기레드새제품,젖병소독기
[박스손상새제품] 에코맘 젖병소독기 블루 새제품,109000,[박스손상새제품]에코맘젖병소독기블루새제품,젖병소독기
[박스손상새제품] 에코맘 젖병소독기 화이트 새제품,79000,[박스손상새제품]에코맘젖병소독기화이트새제품,젖병소독기
PURITY 젖병소독기,15000,PURITY젖병소독기,젖병소독기
[새제품] 해님 젖병소독기 다용도 거치대,15000,[새제품]해님젖병소독기다용도거치대,젖병소독기
소베맘 젖병 소독기 화이트 프로 미개봉 팝니다,100000,소베맘젖병소독기화이트프로미개봉팝니다,젖병소독기
유팡젖병소독기 + 여분 램프,8130,유팡젖병소독기+여분램프,젖병소독기
하우지안 UV 젖병 소독기 UVL900,15000,하우지안UV젖병소독기UVL900,젖병소독기
젖병소독기,120000,젖병소독기,젖병소독기
에코맘젖병소독기,130000,에코맘젖병소독기,젖병소독기
유팡 젖병소독기 가격내림,85000,유팡젖병소독기가격내림,젖병소독기
유팡 젖병소독기와 그릇 소독기 가격내림,150000,유팡젖병소독기와그릇소독기가격내림,젖병소독기
유팡젖병소독기,80000,유팡젖병소독기,젖병소독기
에코맘 식기 살균기 젖병 소독기 젖병 살균기 ECO 33,50000,에코맘식기살균기젖병소독기젖병살균기ECO33,젖병소독기
코넘 젖병소독기&분유포트기 일체형,80000,코넘젖병소독기&분유포트기일체형,젖병소독기
해님 젖병 소독기 모델명 HN-04-WM-NB 소독 살균 신생아 젖 분유,115000,해님젖병소독기모델명HN-04-WM-NB소독살균신생아젖분유,젖병소독기
해님 미니 UV LED 젖병 소독기 HN-M1 크림화이트 색상 미개봉,100000,해님미니UVLED젖병소독기HN-M1크림화이트색상미개봉,젖병소독기
키친아트 젖병 소독기,20000,키친아트젖병소독기,젖병소독기
유팡 젖병소독기,70000,유팡젖병소독기,젖병소독기
폴레드 픽셀 UVC LED 젖병 소독기,290000,폴레드픽셀UVCLED젖병소독기,젖병소독기
소베맘 젖병 소독기 화이트 1세대,85000,소베맘젖병소독기화이트1세대,젖병소독기
꿈비 젖병 소독기 화이트,80000,꿈비젖병소독기화이트,젖병소독기
유팡 젖병소독기,100000,유팡젖병소독기,젖병소독기
오르테 젖병 소독기/세척기,160000,오르테젖병소독기/세척기,젖병소독기
유팡 젖병소독기 전구램프4개세트 새상품.미개봉,16000,유팡젖병소독기전구램프4개세트새상품.미개봉,젖병소독기
NUK Micro Express Plus 전자레인지용 젖병 소독기입니다.,38000,NUKMicroExpressPlus전자레인지용젖병소독기입니다.,젖병소독기
"스토케 뉴본, 젖병소독기, 라비킷 분유포트",80000,"스토케뉴본,젖병소독기,라비킷분유포트",젖병소독기
쿠진 미니모 젖병 소독기,165000,쿠진미니모젖병소독기,젖병소독기
2세대 소베맘 올인원 젖병 소독기 화이트 새상품,208000,2세대소베맘올인원젖병소독기화이트새상품,젖병소독기
젖병소독기,70000,젖병소독기,젖병소독기
필립스 스팀 젖병소독기 (택포),28000,필립스스팀젖병소독기(택포),젖병소독기
유팡젖병소독기 전구램프세트 3종[미개봉],9000,유팡젖병소독기전구램프세트3종[미개봉],젖병소독기
쿠젠 아기 젖병소독기 신생아 초록색,29000,쿠젠아기젖병소독기신생아초록색,젖병소독기
보아르 아가맘마 멀티 젖병소독기 분유포트 새상품,100000,보아르아가맘마멀티젖병소독기분유포트새상품,젖병소독기
쿠첸프리미엄 젖병소독기,55000,쿠첸프리미엄젖병소독기,젖병소독기
레이퀸 젖병 소독기,30000,레이퀸젖병소독기,젖병소독기
퓨리티플러스 젖병소독기 살균기,70000,퓨리티플러스젖병소독기살균기,젖병소독기
유팡 젖병 소독기,16000,유팡젖병소독기,젖병소독기
음이온젖병소독기,130000,음이온젖병소독기,젖병소독기
도노 UV 젖병소독기,70000,도노UV젖병소독기,젖병소독기
브레짜 젖병소독기,55000,브레짜젖병소독기,젖병소독기
필립스아벤트 스팀 건조 일체형 젖병소독기,30000,필립스아벤트스팀건조일체형젖병소독기,젖병소독기
"유베베 휴대용 쪽쪽이 살균기, 젖병 소독기, 소독 공갈젖꼭지, 유비세이프",10500,"유베베휴대용쪽쪽이살균기,젖병소독기,소독공갈젖꼭지,유비세이프",젖병소독기
에코맘 젖병소독기,120000,에코맘젖병소독기,젖병소독기
벤브와 젖병소독기,50000,벤브와젖병소독기,젖병소독기
아기용품ㅡ브레짜 젖병소독기 기저귀쓰레기통,90000,아기용품ㅡ브레짜젖병소독기기저귀쓰레기통,젖병소독기
아기 젖병 소독기 (uPang 유팡) 판매합니다,22000,아기젖병소독기(uPang유팡)판매합니다,젖병소독기
에코맘 젖병 소독기 ECO-33,50000,에코맘젖병소독기ECO-33,젖병소독기
(새상품급) (UPANG) 유팡 LED 젖병 소독기,180000,(새상품급)(UPANG)유팡LED젖병소독기,젖병소독기
젖병소독기,23000,젖병소독기,젖병소독기
젖병소독기 직거래만,7000,젖병소독기직거래만,젖병소독기
압소바 젖병소독기 건조기 상태 최상입니다,20000,압소바젖병소독기건조기상태최상입니다,젖병소독기
베이비브레짜 젖병 소독기,32000,베이비브레짜젖병소독기,젖병소독기
스펙트라 젖병 소독기 그레이,50000,스펙트라젖병소독기그레이,젖병소독기
유팡 젖병소독기 UP201-G,19000,유팡젖병소독기UP201-G,젖병소독기
유팡 젖병소독기 920 새상품 바닐라크림,280000,유팡젖병소독기920새상품바닐라크림,젖병소독기
"아기 옷, 마베비 젖병소독기",20000,"아기옷,마베비젖병소독기",젖병소독기
유팡 젖병소독기,30000,유팡젖병소독기,젖병소독기
해님 미니 젖병 소독기 HN-M1 크림화이트,40000,해님미니젖병소독기HN-M1크림화이트,젖병소독기
멀티 스팀 건조 젖병 소독기 식기 소독기 (모윰),20000,멀티스팀건조젖병소독기식기소독기(모윰),젖병소독기
[새상품]아가방 젖병소독기,65000,[새상품]아가방젖병소독기,젖병소독기
유팡 젖병소독기 - 장난감 소독기,25000,유팡젖병소독기-장난감소독기,젖병소독기
폴레드 페어런토리 젖병소독기 화이트,400000,폴레드페어런토리젖병소독기화이트,젖병소독기
"휴대용 젖병소독기,쪽쪽이 소독기와 젖병 데우기(일괄)",35000,"휴대용젖병소독기,쪽쪽이소독기와젖병데우기(일괄)",젖병소독기
유팡 플러스 젖병소독기 UV-LED UP901A-WH,50000,유팡플러스젖병소독기UV-LEDUP901A-WH,젖병소독기
젖병 소독기 살균 건조기,21500,젖병소독기살균건조기,젖병소독기
리큅젖병소독기,45000,리큅젖병소독기,젖병소독기
아가방 휴대용젖병소독기 새상품,65000,아가방휴대용젖병소독기새상품,젖병소독기
퓨리티 젖병 소독기 건조기 자연건조살균,35000,퓨리티젖병소독기건조기자연건조살균,젖병소독기
유팡 led 22년식 젖병소독기 택포 노르딕그레이색상,120000,유팡led22년식젖병소독기택포노르딕그레이색상,젖병소독기
벤브와 스팀 젖병소독기,29000,벤브와스팀젖병소독기,젖병소독기
유팡 플러스 LED 젖병소독기 판매합니다,160000,유팡플러스LED젖병소독기판매합니다,젖병소독기
해님 젖병소독기 4세대플러스,34000,해님젖병소독기4세대플러스,젖병소독기
델리팬 젖병소독기 (새상품),95000,델리팬젖병소독기(새상품),젖병소독기
레이퀸 젖병 소독기 (JHS-400),110000,레이퀸젖병소독기(JHS-400),젖병소독기
