상품명,가격
"새상품) 델리팬 올인원 젖병세척기, 소독기 DEL-BW9","250,000"
유팡 젖병 소독기 크림색,"32,000"
유팡 젖병소독기 5만원 +칫솔걸이+램프2개 같이드림,"50,000"
보아르 멀티 젖병소독기 분유포트,"35,000"
유팡 시그니처 젖병소독기 화이트 911A-WH,"200,000"
유팡 젖병 소독기 화이트 UP901,"16,200"
(새상품급) 퓨리티 플러스 3D 입체 회전형 젖병 소독기,"150,000"
베이비브레쨔 젖병세척기 블랙 (세척 소독 건조 올인원) 미개봉 새상품,"290,000"
babyboost 스마트 UVC LED 젖병소독기,"123,000"
해님 젖병소독기,"29,900"
UPANG 젖병소독기 UP401-Y,"25,000"
UPANG 젖병소독기 UP701-G,"25,000"
폴레드 픽셀 젖병소독기 라이트 베이지 새상품,"309,000"
유팡 젖병소독기 시그니처2 화이트(미개봉새상품),"362,000"
RayQueen 대용량 젖병소독기 JHS-400,"35,000"
에코맘 젖병 소독기 살군기 깨끗하고 작동잘됩니다 테스트완료,"70,000"
유팡 젖병 소독기 핑크,"40,000"
닥터에이제이 젖병 소독기,"75,000"
에르제젖병 소독기 화이트,"36,000"
유팡 젖병 소독기,"19,000"
UPANG 젖병소독기 UP701-GR,"25,000"
NUK 누크 Micro Express Plus 젖병 소독기입니다,"40,000"
필립스 아벤트 젖병 소독기 스팀 소독기,"20,000"
벤브와 스팀 젖병 소독기 화이트,"18,000"
babyboost 젖병 소독기,"68,000"
한일 포근 젖병 소독기 화이트 (박스 풀구성 새상품),"95,000"
레이퀸 젖병 소독기 그린/화이트,"20,000"
레이퀸 젖병 소독기 살균기,"19,000"
과일 채소 젖병 살균 소독기 ZERO-SPA Eco Plasma,"40,000"
(유팡) UP401-Y 전기소독기 젖병소독기 살균건조기 적외 자외 열풍,"16,000"
휴비딕 아기 젖병 소독기 건조기,"245,000"
폴레드 픽셀 젖병소독기(새상품/트레이2종),"330,000"
꿈비 젖병소독기,"120,000"
[전시새제품] 에코맘 젖병소독기 레드 새제품,"89,000"
[박스손상새제품] 에코맘 젖병소독기 블루 새제품,"109,000"
[박스손상새제품] 에코맘 젖병소독기 화이트 새제품,"79,000"
PURITY 젖병소독기,"15,000"
[새제품] 해님 젖병소독기 다용도 거치대,"15,000"
소베맘 젖병 소독기 화이트 프로 미개봉 팝니다,"100,000"
유팡젖병소독기 + 여분 램프,"8,130"
하우지안 UV 젖병 소독기 UVL900,"15,000"
젖병소독기,"120,000"
휴대폰 살균기 소독기 젖꼭지 살균기 살균소독기 젖병소독,"20,000"
에코맘젖병소독기,"130,000"
유팡 젖병소독기 가격내림,"85,000"
유팡 젖병소독기와 그릇 소독기 가격내림,"150,000"
스팀 마스터 젖병 세척기 소독기 올인원 젖병케어 육아템 (베이블랩),"350,000"
유팡젖병소독기,"80,000"
에코맘 식기 살균기 젖병 소독기 젖병 살균기 ECO 33,"50,000"
해님 3세대 젖병 소독 살균기,"100,000"
코넘 젖병소독기&분유포트기 일체형,"80,000"
해님 젖병 소독기 모델명 HN-04-WM-NB 소독 살균 신생아 젖 분유,"115,000"
해님 미니 UV LED 젖병 소독기 HN-M1 크림화이트 색상 미개봉,"100,000"
키친아트 젖병 소독기,"20,000"
유팡 젖병소독기,"70,000"
쿠첸 살균기 소독기 건조기 5인용 (피부미용.식기.젖병),"100,000"
폴레드 픽셀 UVC LED 젖병 소독기,"290,000"
오르테 젖병소독 세척기,"179,000"
소베맘 젖병 소독기 화이트 1세대,"85,000"
꿈비 젖병 소독기 화이트,"80,000"
유팡 젖병소독기,"100,000"
오르테 젖병 소독기/세척기,"160,000"
유팡 젖병소독기 전구램프4개세트 새상품.미개봉,"16,000"
NUK Micro Express Plus 전자레인지용 젖병 소독기입니다.,"38,000"
"스토케 뉴본, 젖병소독기, 라비킷 분유포트","80,000"
쿠진 미니모 젖병 소독기,"165,000"
2세대 소베맘 올인원 젖병 소독기 화이트 새상품,"208,000"
꿈비 올인원 젖병세척기 UV 살균 소독,"200,000"
젖병소독기,"70,000"
필립스 스팀 젖병소독기 (택포),"28,000"
유팡젖병소독기 전구램프세트 3종[미개봉],"9,000"
쿠젠 아기 젖병소독기 신생아 초록색,"29,000"
보아르 아가맘마 멀티 젖병소독기 분유포트 새상품,"100,000"
쿠첸프리미엄 젖병소독기,"55,000"
레이퀸 젖병 소독기,"30,000"
퓨리티플러스 젖병소독기 살균기,"70,000"
유팡 젖병 소독기,"16,000"
음이온젖병소독기,"130,000"
도노 UV 젖병소독기,"70,000"
브레짜 젖병소독기,"55,000"
필립스아벤트 스팀 건조 일체형 젖병소독기,"30,000"
"유베베 휴대용 쪽쪽이 살균기, 젖병 소독기, 소독 공갈젖꼭지, 유비세이프","10,500"
에코맘 젖병소독기,"120,000"
벤브와 젖병소독기,"50,000"
아기용품ㅡ브레짜 젖병소독기 기저귀쓰레기통,"90,000"
아기 젖병 소독기 (uPang 유팡) 판매합니다,"22,000"
에코맘 젖병 소독기 ECO-33,"50,000"
(새상품급) (UPANG) 유팡 LED 젖병 소독기,"180,000"
젖병소독기,"23,000"
베이비브레짜 젖병 스팀 소독 건조기,"23,750"
베이비 브레짜 젖병 소독건조기,"68,000"
59S T5 UVC LED 살균기 소독기,"17,000"
젖병소독기 직거래만,"7,000"
압소바 젖병소독기 건조기 상태 최상입니다,"20,000"
휘아 컵케어 (젖병 및 텀블러 살균소독기),"12,000"
유팡 전기소독기 젖병 유아용품 마스크 자외 적외선,"60,000"
무선 전기포트/커피포트/주전자 간편원터치 글라스 1.8L EIA-E12,"20,000"
다용도UV살균소독기/마스크살균기/속옷/젖병,"50,000"
유팡 소독기,"150,000"
(박스채 새상품) 무료배송- 필립스 아벤트 3in1 스팀건조 일체형 젖병,"75,000"
에코맘 소독기,"40,000"
식기살균 건조기 스마트 식기살균건조기 42L 열풍 UV 자외선 소독기,"120,000"
베이비부스트 젖병살균기,"105,000"
델리팬 올인원 젖병 세척기 DEL-BW9,"181,000"
거의 새상품 스펙트라 PA 젖병 160ml & 젖꼭지 S,"10,000"
미닉스 식기세척기 프로 그레이지 전시만 한 새상품입니다.,"240,000"
꿈비 젖병살균세척기 2세대 UV플러스 판매합니다.,"260,000"
"모윰, 휴대용소독기","25,650"
스팀살균기,"10,000"
아벤트 젖병건조기 소독기 293scf,"12,000"
베이비브레짜 젖병 소독기,"32,000"
스펙트라 젖병 소독기 그레이,"50,000"
유팡 젖병소독기 UP201-G,"19,000"
유팡 젖병소독기 920 새상품 바닐라크림,"280,000"
"아기 옷, 마베비 젖병소독기","20,000"
유팡 젖병소독기,"30,000"
해님 미니 젖병 소독기 HN-M1 크림화이트,"40,000"
멀티 스팀 건조 젖병 소독기 식기 소독기 (모윰),"20,000"
[새상품]아가방 젖병소독기,"65,000"
유팡 젖병소독기 - 장난감 소독기,"25,000"
폴레드 페어런토리 젖병소독기 화이트,"400,000"
"휴대용 젖병소독기,쪽쪽이 소독기와 젖병 데우기(일괄)","35,000"
유팡 플러스 젖병소독기 UV-LED UP901A-WH,"50,000"
젖병 소독기 살균 건조기,"21,500"
리큅젖병소독기,"45,000"
아가방 휴대용젖병소독기 새상품,"65,000"
퓨리티 젖병 소독기 건조기 자연건조살균,"35,000"
유팡 led 22년식 젖병소독기 택포 노르딕그레이색상,"120,000"
벤브와 스팀 젖병소독기,"29,000"
유팡 플러스 LED 젖병소독기 판매합니다,"160,000"
꿈비 젖병 uv소독기,"195,000"
해님 젖병소독기 4세대플러스,"34,000"
델리팬 젖병소독기 (새상품),"95,000"
에디슨 젖병 스팀 소독 건조기 2.5세댜,"70,000"
폴레드 픽셀 젖병 살균기 + 트레이 세트,"180,000"
필립스 아벤트 소독기,"52,000"
레이퀸 젖병 소독기 (JHS-400),"110,000"
